country,year,demox_eiu
Afghanistan,2006,30.6
Afghanistan,2007,30.4
Afghanistan,2008,30.2
Afghanistan,2009,27.5
Afghanistan,2010,24.8
Afghanistan,2011,24.8
Afghanistan,2012,24.8
Afghanistan,2013,24.8
Afghanistan,2014,27.7
Afghanistan,2015,27.7
Afghanistan,2016,25.5
Albania,2006,59.1
Albania,2007,59.1
Albania,2008,59.1
Albania,2009,58.9
Albania,2010,58.6
Albania,2011,58.1
Albania,2012,56.7
Albania,2013,56.7
Albania,2014,56.7
Albania,2015,59.1
Albania,2016,59.1
Algeria,2006,31.7
Algeria,2007,32.5
Algeria,2008,33.2
Algeria,2009,33.8
Algeria,2010,34.4
Algeria,2011,34.4
Algeria,2012,38.3
Algeria,2013,38.3
Algeria,2014,38.3
Algeria,2015,39.5
Algeria,2016,35.6
Angola,2006,24.1
Angola,2007,28.8
Angola,2008,33.5
Angola,2009,33.4
Angola,2010,33.2
Angola,2011,33.2
Angola,2012,33.5
Angola,2013,33.5
Angola,2014,33.5
Angola,2015,33.5
Angola,2016,34.0
Argentina,2006,66.3
Argentina,2007,66.3
Argentina,2008,66.3
Argentina,2009,67.3
Argentina,2010,68.4
Argentina,2011,68.4
Argentina,2012,68.4
Argentina,2013,68.4
Argentina,2014,68.4
Argentina,2015,70.2
Argentina,2016,69.6
Armenia,2006,41.5
Armenia,2007,41.2
Armenia,2008,40.9
Armenia,2009,40.9
Armenia,2010,40.9
Armenia,2011,40.9
Armenia,2012,40.9
Armenia,2013,40.2
Armenia,2014,41.3
Armenia,2015,40.0
Armenia,2016,38.8
Australia,2006,90.9
Australia,2007,90.9
Australia,2008,90.9
Australia,2009,91.5
Australia,2010,92.2
Australia,2011,92.2
Australia,2012,92.2
Australia,2013,91.3
Australia,2014,90.1
Australia,2015,90.1
Australia,2016,90.1
Austria,2006,86.9
Austria,2007,85.9
Austria,2008,84.9
Austria,2009,84.9
Austria,2010,84.9
Austria,2011,84.9
Austria,2012,86.2
Austria,2013,84.8
Austria,2014,85.4
Austria,2015,85.4
Austria,2016,84.1
Azerbaijan,2006,33.1
Azerbaijan,2007,32.5
Azerbaijan,2008,31.9
Azerbaijan,2009,31.7
Azerbaijan,2010,31.5
Azerbaijan,2011,31.5
Azerbaijan,2012,31.5
Azerbaijan,2013,30.6
Azerbaijan,2014,28.3
Azerbaijan,2015,27.1
Azerbaijan,2016,26.5
Bahrain,2006,35.3
Bahrain,2007,34.5
Bahrain,2008,33.8
Bahrain,2009,34.4
Bahrain,2010,34.9
Bahrain,2011,29.2
Bahrain,2012,25.3
Bahrain,2013,28.7
Bahrain,2014,28.7
Bahrain,2015,27.9
Bahrain,2016,27.9
Bangladesh,2006,61.1
Bangladesh,2007,58.1
Bangladesh,2008,55.2
Bangladesh,2009,57.0
Bangladesh,2010,58.7
Bangladesh,2011,58.6
Bangladesh,2012,58.6
Bangladesh,2013,58.6
Bangladesh,2014,57.8
Bangladesh,2015,57.3
Bangladesh,2016,57.3
Belarus,2006,33.4
Belarus,2007,33.4
Belarus,2008,33.4
Belarus,2009,33.4
Belarus,2010,33.4
Belarus,2011,31.6
Belarus,2012,30.4
Belarus,2013,30.4
Belarus,2014,36.9
Belarus,2015,36.2
Belarus,2016,35.4
Belgium,2006,81.5
Belgium,2007,81.5
Belgium,2008,81.6
Belgium,2009,81.0
Belgium,2010,80.5
Belgium,2011,80.5
Belgium,2012,80.5
Belgium,2013,80.5
Belgium,2014,79.3
Belgium,2015,79.3
Belgium,2016,77.7
Benin,2006,61.6
Benin,2007,61.1
Benin,2008,60.6
Benin,2009,61.1
Benin,2010,61.7
Benin,2011,60.6
Benin,2012,60.0
Benin,2013,58.7
Benin,2014,56.5
Benin,2015,57.2
Benin,2016,56.7
Bhutan,2006,26.2
Bhutan,2007,34.6
Bhutan,2008,43.0
Bhutan,2009,44.9
Bhutan,2010,46.8
Bhutan,2011,45.7
Bhutan,2012,46.5
Bhutan,2013,48.2
Bhutan,2014,48.7
Bhutan,2015,49.3
Bhutan,2016,49.3
Bolivia,2006,59.8
Bolivia,2007,60.6
Bolivia,2008,61.5
Bolivia,2009,60.4
Bolivia,2010,59.2
Bolivia,2011,58.4
Bolivia,2012,58.4
Bolivia,2013,57.9
Bolivia,2014,57.9
Bolivia,2015,57.5
Bolivia,2016,56.3
Bosnia and Herzegovina,2006,57.8
Bosnia and Herzegovina,2007,57.4
Bosnia and Herzegovina,2008,57.0
Bosnia and Herzegovina,2009,55.1
Bosnia and Herzegovina,2010,53.2
Bosnia and Herzegovina,2011,52.4
Bosnia and Herzegovina,2012,51.1
Bosnia and Herzegovina,2013,50.2
Bosnia and Herzegovina,2014,47.8
Bosnia and Herzegovina,2015,48.3
Bosnia and Herzegovina,2016,48.7
Botswana,2006,76.0
Botswana,2007,75.3
Botswana,2008,74.7
Botswana,2009,75.5
Botswana,2010,76.3
Botswana,2011,76.3
Botswana,2012,78.5
Botswana,2013,79.8
Botswana,2014,78.7
Botswana,2015,78.7
Botswana,2016,78.7
Brazil,2006,73.8
Brazil,2007,73.8
Brazil,2008,73.8
Brazil,2009,72.5
Brazil,2010,71.2
Brazil,2011,71.2
Brazil,2012,71.2
Brazil,2013,71.2
Brazil,2014,73.8
Brazil,2015,69.6
Brazil,2016,69.0
Bulgaria,2006,71.0
Bulgaria,2007,70.6
Bulgaria,2008,70.2
Bulgaria,2009,69.3
Bulgaria,2010,68.4
Bulgaria,2011,67.8
Bulgaria,2012,67.2
Bulgaria,2013,68.3
Bulgaria,2014,67.3
Bulgaria,2015,71.4
Bulgaria,2016,70.1
Burkina Faso,2006,37.2
Burkina Faso,2007,36.6
Burkina Faso,2008,36.0
Burkina Faso,2009,36.0
Burkina Faso,2010,35.9
Burkina Faso,2011,35.9
Burkina Faso,2012,35.2
Burkina Faso,2013,41.5
Burkina Faso,2014,40.9
Burkina Faso,2015,47.0
Burkina Faso,2016,47.0
Burundi,2006,45.1
Burundi,2007,45.1
Burundi,2008,45.1
Burundi,2009,42.6
Burundi,2010,40.1
Burundi,2011,40.1
Burundi,2012,36.0
Burundi,2013,34.1
Burundi,2014,33.3
Burundi,2015,24.9
Burundi,2016,24.0
Cambodia,2006,47.7
Cambodia,2007,48.2
Cambodia,2008,48.7
Cambodia,2009,48.7
Cambodia,2010,48.7
Cambodia,2011,48.7
Cambodia,2012,49.6
Cambodia,2013,46.0
Cambodia,2014,47.8
Cambodia,2015,42.7
Cambodia,2016,42.7
Cameroon,2006,32.7
Cameroon,2007,33.6
Cameroon,2008,34.6
Cameroon,2009,34.4
Cameroon,2010,34.1
Cameroon,2011,34.1
Cameroon,2012,34.4
Cameroon,2013,34.1
Cameroon,2014,34.1
Cameroon,2015,36.6
Cameroon,2016,34.6
Canada,2006,90.7
Canada,2007,90.7
Canada,2008,90.7
Canada,2009,90.8
Canada,2010,90.8
Canada,2011,90.8
Canada,2012,90.8
Canada,2013,90.8
Canada,2014,90.8
Canada,2015,90.8
Canada,2016,91.5
Cape Verde,2006,74.3
Cape Verde,2007,76.2
Cape Verde,2008,78.1
Cape Verde,2009,78.8
Cape Verde,2010,79.4
Cape Verde,2011,79.2
Cape Verde,2012,79.2
Cape Verde,2013,79.2
Cape Verde,2014,78.1
Cape Verde,2015,78.1
Cape Verde,2016,79.4
Central African Republic,2006,16.1
Central African Republic,2007,17.4
Central African Republic,2008,18.6
Central African Republic,2009,18.4
Central African Republic,2010,18.2
Central African Republic,2011,18.2
Central African Republic,2012,19.9
Central African Republic,2013,14.9
Central African Republic,2014,14.9
Central African Republic,2015,15.7
Central African Republic,2016,16.1
Chad,2006,16.5
Chad,2007,15.8
Chad,2008,15.2
Chad,2009,15.2
Chad,2010,15.2
Chad,2011,16.2
Chad,2012,16.2
Chad,2013,15.0
Chad,2014,15.0
Chad,2015,15.0
Chad,2016,15.0
Chile,2006,78.9
Chile,2007,78.9
Chile,2008,78.9
Chile,2009,77.8
Chile,2010,76.7
Chile,2011,75.4
Chile,2012,75.4
Chile,2013,78.0
Chile,2014,78.0
Chile,2015,78.4
Chile,2016,77.8
China,2006,29.7
China,2007,30.1
China,2008,30.4
China,2009,30.9
China,2010,31.4
China,2011,31.4
China,2012,30.0
China,2013,30.0
China,2014,30.0
China,2015,31.4
China,2016,31.4
Colombia,2006,64.0
Colombia,2007,64.7
Colombia,2008,65.4
Colombia,2009,65.5
Colombia,2010,65.5
Colombia,2011,66.3
Colombia,2012,66.3
Colombia,2013,65.5
Colombia,2014,65.5
Colombia,2015,66.2
Colombia,2016,66.7
Comoros,2006,39.0
Comoros,2007,37.4
Comoros,2008,35.8
Comoros,2009,35.0
Comoros,2010,34.1
Comoros,2011,35.2
Comoros,2012,35.2
Comoros,2013,35.2
Comoros,2014,35.2
Comoros,2015,37.1
Comoros,2016,37.1
"Congo, Dem. Rep.",2006,27.6
"Congo, Dem. Rep.",2007,25.2
"Congo, Dem. Rep.",2008,22.8
"Congo, Dem. Rep.",2009,22.1
"Congo, Dem. Rep.",2010,21.5
"Congo, Dem. Rep.",2011,21.5
"Congo, Dem. Rep.",2012,19.2
"Congo, Dem. Rep.",2013,18.3
"Congo, Dem. Rep.",2014,17.5
"Congo, Dem. Rep.",2015,21.1
"Congo, Dem. Rep.",2016,19.3
"Congo, Rep.",2006,31.9
"Congo, Rep.",2007,30.6
"Congo, Rep.",2008,29.4
"Congo, Rep.",2009,29.1
"Congo, Rep.",2010,28.9
"Congo, Rep.",2011,28.9
"Congo, Rep.",2012,28.9
"Congo, Rep.",2013,28.9
"Congo, Rep.",2014,28.9
"Congo, Rep.",2015,29.1
"Congo, Rep.",2016,29.1
Costa Rica,2006,80.4
Costa Rica,2007,80.4
Costa Rica,2008,80.4
Costa Rica,2009,80.4
Costa Rica,2010,80.4
Costa Rica,2011,81.0
Costa Rica,2012,81.0
Costa Rica,2013,80.3
Costa Rica,2014,80.3
Costa Rica,2015,79.6
Costa Rica,2016,78.8
Cote d'Ivoire,2006,33.8
Cote d'Ivoire,2007,33.3
Cote d'Ivoire,2008,32.7
Cote d'Ivoire,2009,31.4
Cote d'Ivoire,2010,30.2
Cote d'Ivoire,2011,30.8
Cote d'Ivoire,2012,32.5
Cote d'Ivoire,2013,32.5
Cote d'Ivoire,2014,35.3
Cote d'Ivoire,2015,33.1
Cote d'Ivoire,2016,38.1
Croatia,2006,70.4
Croatia,2007,70.4
Croatia,2008,70.4
Croatia,2009,69.3
Croatia,2010,68.1
Croatia,2011,67.3
Croatia,2012,69.3
Croatia,2013,69.3
Croatia,2014,69.3
Croatia,2015,69.3
Croatia,2016,67.5
Cuba,2006,35.2
Cuba,2007,35.2
Cuba,2008,35.2
Cuba,2009,35.2
Cuba,2010,35.2
Cuba,2011,35.2
Cuba,2012,35.2
Cuba,2013,35.2
Cuba,2014,35.2
Cuba,2015,35.2
Cuba,2016,34.6
Cyprus,2006,76.0
Cyprus,2007,76.5
Cyprus,2008,77.0
Cyprus,2009,75.0
Cyprus,2010,72.9
Cyprus,2011,72.9
Cyprus,2012,72.9
Cyprus,2013,72.9
Cyprus,2014,74.0
Cyprus,2015,75.3
Cyprus,2016,76.5
Czech Republic,2006,81.7
Czech Republic,2007,81.8
Czech Republic,2008,81.9
Czech Republic,2009,81.9
Czech Republic,2010,81.9
Czech Republic,2011,81.9
Czech Republic,2012,81.9
Czech Republic,2013,80.6
Czech Republic,2014,79.4
Czech Republic,2015,79.4
Czech Republic,2016,78.2
Denmark,2006,95.2
Denmark,2007,95.2
Denmark,2008,95.2
Denmark,2009,95.2
Denmark,2010,95.2
Denmark,2011,95.2
Denmark,2012,95.2
Denmark,2013,93.8
Denmark,2014,91.1
Denmark,2015,91.1
Denmark,2016,92.0
Djibouti,2006,23.7
Djibouti,2007,23.7
Djibouti,2008,23.7
Djibouti,2009,22.9
Djibouti,2010,22.0
Djibouti,2011,26.8
Djibouti,2012,27.4
Djibouti,2013,29.6
Djibouti,2014,29.9
Djibouti,2015,29.0
Djibouti,2016,28.3
Dominican Republic,2006,61.3
Dominican Republic,2007,61.6
Dominican Republic,2008,62.0
Dominican Republic,2009,62.0
Dominican Republic,2010,62.0
Dominican Republic,2011,62.0
Dominican Republic,2012,64.9
Dominican Republic,2013,67.4
Dominican Republic,2014,66.7
Dominican Republic,2015,66.7
Dominican Republic,2016,66.7
Ecuador,2006,56.4
Ecuador,2007,56.4
Ecuador,2008,56.4
Ecuador,2009,57.0
Ecuador,2010,57.7
Ecuador,2011,57.2
Ecuador,2012,57.8
Ecuador,2013,58.7
Ecuador,2014,58.7
Ecuador,2015,58.7
Ecuador,2016,58.1
Egypt,2006,39.0
Egypt,2007,39.0
Egypt,2008,38.9
Egypt,2009,34.8
Egypt,2010,30.7
Egypt,2011,39.5
Egypt,2012,45.6
Egypt,2013,32.7
Egypt,2014,31.6
Egypt,2015,31.8
Egypt,2016,33.1
El Salvador,2006,62.2
El Salvador,2007,63.1
El Salvador,2008,64.0
El Salvador,2009,64.3
El Salvador,2010,64.7
El Salvador,2011,64.7
El Salvador,2012,64.7
El Salvador,2013,65.3
El Salvador,2014,65.3
El Salvador,2015,66.4
El Salvador,2016,66.4
Equatorial Guinea,2006,20.9
Equatorial Guinea,2007,21.4
Equatorial Guinea,2008,21.9
Equatorial Guinea,2009,20.1
Equatorial Guinea,2010,18.4
Equatorial Guinea,2011,17.7
Equatorial Guinea,2012,18.3
Equatorial Guinea,2013,17.7
Equatorial Guinea,2014,16.6
Equatorial Guinea,2015,17.7
Equatorial Guinea,2016,17.0
Eritrea,2006,23.1
Eritrea,2007,23.1
Eritrea,2008,23.1
Eritrea,2009,23.1
Eritrea,2010,23.1
Eritrea,2011,23.4
Eritrea,2012,24.0
Eritrea,2013,24.0
Eritrea,2014,24.4
Eritrea,2015,23.7
Eritrea,2016,23.7
Estonia,2006,77.4
Estonia,2007,77.1
Estonia,2008,76.8
Estonia,2009,76.8
Estonia,2010,76.8
Estonia,2011,76.1
Estonia,2012,76.1
Estonia,2013,76.1
Estonia,2014,77.4
Estonia,2015,78.5
Estonia,2016,78.5
Ethiopia,2006,47.2
Ethiopia,2007,46.2
Ethiopia,2008,45.2
Ethiopia,2009,41.0
Ethiopia,2010,36.8
Ethiopia,2011,37.9
Ethiopia,2012,37.2
Ethiopia,2013,38.3
Ethiopia,2014,37.2
Ethiopia,2015,38.3
Ethiopia,2016,36.0
Fiji,2006,56.6
Fiji,2007,53.9
Fiji,2008,51.1
Fiji,2009,43.6
Fiji,2010,36.2
Fiji,2011,36.7
Fiji,2012,36.7
Fiji,2013,36.1
Fiji,2014,56.1
Fiji,2015,56.9
Fiji,2016,56.4
Finland,2006,92.5
Finland,2007,92.5
Finland,2008,92.5
Finland,2009,92.2
Finland,2010,91.9
Finland,2011,90.6
Finland,2012,90.6
Finland,2013,90.3
Finland,2014,90.3
Finland,2015,90.3
Finland,2016,90.3
France,2006,80.7
France,2007,80.7
France,2008,80.7
France,2009,79.2
France,2010,77.7
France,2011,77.7
France,2012,78.8
France,2013,79.2
France,2014,80.4
France,2015,79.2
France,2016,79.2
Gabon,2006,27.2
Gabon,2007,28.6
Gabon,2008,30.0
Gabon,2009,31.4
Gabon,2010,32.9
Gabon,2011,34.8
Gabon,2012,35.6
Gabon,2013,37.6
Gabon,2014,37.6
Gabon,2015,37.6
Gabon,2016,37.4
Gambia,2006,43.9
Gambia,2007,42.9
Gambia,2008,41.9
Gambia,2009,37.9
Gambia,2010,33.8
Gambia,2011,33.8
Gambia,2012,33.1
Gambia,2013,33.1
Gambia,2014,30.5
Gambia,2015,29.7
Gambia,2016,29.1
Germany,2006,88.2
Germany,2007,88.2
Germany,2008,88.2
Germany,2009,86.0
Germany,2010,83.8
Germany,2011,83.4
Germany,2012,83.4
Germany,2013,83.1
Germany,2014,86.4
Germany,2015,86.4
Germany,2016,86.3
Ghana,2006,53.5
Ghana,2007,53.5
Ghana,2008,53.5
Ghana,2009,56.9
Ghana,2010,60.2
Ghana,2011,60.2
Ghana,2012,60.2
Ghana,2013,63.3
Ghana,2014,63.3
Ghana,2015,68.6
Ghana,2016,67.5
Greece,2006,81.3
Greece,2007,81.3
Greece,2008,81.3
Greece,2009,80.3
Greece,2010,79.2
Greece,2011,76.5
Greece,2012,76.5
Greece,2013,76.5
Greece,2014,74.5
Greece,2015,74.5
Greece,2016,72.3
Guatemala,2006,60.7
Guatemala,2007,60.7
Guatemala,2008,60.7
Guatemala,2009,60.6
Guatemala,2010,60.5
Guatemala,2011,58.8
Guatemala,2012,58.8
Guatemala,2013,58.1
Guatemala,2014,58.1
Guatemala,2015,59.2
Guatemala,2016,59.2
Guinea,2006,20.2
Guinea,2007,20.6
Guinea,2008,20.9
Guinea,2009,24.4
Guinea,2010,27.9
Guinea,2011,27.9
Guinea,2012,27.9
Guinea,2013,28.4
Guinea,2014,30.1
Guinea,2015,31.4
Guinea,2016,31.4
Guinea-Bissau,2006,20.0
Guinea-Bissau,2007,19.9
Guinea-Bissau,2008,19.9
Guinea-Bissau,2009,19.9
Guinea-Bissau,2010,19.9
Guinea-Bissau,2011,19.9
Guinea-Bissau,2012,14.3
Guinea-Bissau,2013,12.6
Guinea-Bissau,2014,19.3
Guinea-Bissau,2015,19.3
Guinea-Bissau,2016,19.8
Guyana,2006,61.5
Guyana,2007,61.4
Guyana,2008,61.2
Guyana,2009,60.9
Guyana,2010,60.5
Guyana,2011,60.5
Guyana,2012,60.5
Guyana,2013,60.5
Guyana,2014,59.1
Guyana,2015,60.5
Guyana,2016,62.5
Haiti,2006,41.9
Haiti,2007,41.9
Haiti,2008,41.9
Haiti,2009,41.0
Haiti,2010,40.0
Haiti,2011,40.0
Haiti,2012,39.6
Haiti,2013,39.4
Haiti,2014,38.2
Haiti,2015,39.4
Haiti,2016,40.2
Honduras,2006,62.5
Honduras,2007,62.1
Honduras,2008,61.8
Honduras,2009,59.7
Honduras,2010,57.6
Honduras,2011,58.4
Honduras,2012,58.4
Honduras,2013,58.4
Honduras,2014,58.4
Honduras,2015,58.4
Honduras,2016,59.2
Hungary,2006,75.3
Hungary,2007,74.8
Hungary,2008,74.4
Hungary,2009,73.3
Hungary,2010,72.1
Hungary,2011,70.4
Hungary,2012,69.6
Hungary,2013,69.6
Hungary,2014,69.0
Hungary,2015,68.4
Hungary,2016,67.2
Iceland,2006,97.1
Iceland,2007,96.8
Iceland,2008,96.5
Iceland,2009,96.5
Iceland,2010,96.5
Iceland,2011,96.5
Iceland,2012,96.5
Iceland,2013,96.5
Iceland,2014,95.8
Iceland,2015,95.8
Iceland,2016,95.0
India,2006,76.8
India,2007,77.4
India,2008,78.0
India,2009,75.4
India,2010,72.8
India,2011,73.0
India,2012,75.2
India,2013,76.9
India,2014,79.2
India,2015,77.4
India,2016,78.1
Indonesia,2006,64.1
Indonesia,2007,63.8
Indonesia,2008,63.4
Indonesia,2009,64.3
Indonesia,2010,65.3
Indonesia,2011,65.3
Indonesia,2012,67.6
Indonesia,2013,68.2
Indonesia,2014,69.5
Indonesia,2015,70.3
Indonesia,2016,69.7
Iran,2006,29.3
Iran,2007,28.8
Iran,2008,28.3
Iran,2009,23.9
Iran,2010,19.4
Iran,2011,19.8
Iran,2012,19.8
Iran,2013,19.8
Iran,2014,19.8
Iran,2015,21.6
Iran,2016,23.4
Iraq,2006,40.1
Iraq,2007,40.0
Iraq,2008,40.0
Iraq,2009,40.0
Iraq,2010,40.0
Iraq,2011,40.3
Iraq,2012,41.0
Iraq,2013,41.0
Iraq,2014,42.3
Iraq,2015,40.8
Iraq,2016,40.8
Ireland,2006,90.1
Ireland,2007,90.1
Ireland,2008,90.1
Ireland,2009,89.0
Ireland,2010,87.9
Ireland,2011,85.6
Ireland,2012,85.6
Ireland,2013,86.8
Ireland,2014,87.2
Ireland,2015,88.5
Ireland,2016,91.5
Israel,2006,72.8
Israel,2007,73.8
Israel,2008,74.8
Israel,2009,74.8
Israel,2010,74.8
Israel,2011,75.3
Israel,2012,75.3
Israel,2013,75.3
Israel,2014,76.3
Israel,2015,77.7
Israel,2016,78.5
Italy,2006,77.3
Italy,2007,78.5
Italy,2008,79.8
Italy,2009,79.0
Italy,2010,78.3
Italy,2011,77.4
Italy,2012,77.4
Italy,2013,78.5
Italy,2014,78.5
Italy,2015,79.8
Italy,2016,79.8
Jamaica,2006,73.4
Jamaica,2007,72.8
Jamaica,2008,72.1
Jamaica,2009,72.1
Jamaica,2010,72.1
Jamaica,2011,71.3
Jamaica,2012,73.9
Jamaica,2013,73.9
Jamaica,2014,73.9
Jamaica,2015,73.9
Jamaica,2016,73.9
Japan,2006,81.5
Japan,2007,82.0
Japan,2008,82.5
Japan,2009,81.7
Japan,2010,80.8
Japan,2011,80.8
Japan,2012,80.8
Japan,2013,80.8
Japan,2014,80.8
Japan,2015,79.6
Japan,2016,79.9
Jordan,2006,39.2
Jordan,2007,39.3
Jordan,2008,39.3
Jordan,2009,38.4
Jordan,2010,37.4
Jordan,2011,38.9
Jordan,2012,37.6
Jordan,2013,37.6
Jordan,2014,37.6
Jordan,2015,38.6
Jordan,2016,39.6
Kazakhstan,2006,36.2
Kazakhstan,2007,35.4
Kazakhstan,2008,34.5
Kazakhstan,2009,33.8
Kazakhstan,2010,33.0
Kazakhstan,2011,32.4
Kazakhstan,2012,29.5
Kazakhstan,2013,30.6
Kazakhstan,2014,31.7
Kazakhstan,2015,30.6
Kazakhstan,2016,30.6
Kenya,2006,50.8
Kenya,2007,49.4
Kenya,2008,47.9
Kenya,2009,47.5
Kenya,2010,47.1
Kenya,2011,47.1
Kenya,2012,47.1
Kenya,2013,51.3
Kenya,2014,51.3
Kenya,2015,53.3
Kenya,2016,53.3
Kuwait,2006,30.9
Kuwait,2007,32.4
Kuwait,2008,33.9
Kuwait,2009,36.4
Kuwait,2010,38.8
Kuwait,2011,37.4
Kuwait,2012,37.8
Kuwait,2013,37.8
Kuwait,2014,37.8
Kuwait,2015,38.5
Kuwait,2016,38.5
Kyrgyz Republic,2006,40.8
Kyrgyz Republic,2007,40.6
Kyrgyz Republic,2008,40.5
Kyrgyz Republic,2009,41.8
Kyrgyz Republic,2010,43.1
Kyrgyz Republic,2011,43.4
Kyrgyz Republic,2012,46.9
Kyrgyz Republic,2013,46.9
Kyrgyz Republic,2014,52.4
Kyrgyz Republic,2015,53.3
Kyrgyz Republic,2016,49.3
Lao,2006,21.0
Lao,2007,21.0
Lao,2008,21.0
Lao,2009,21.0
Lao,2010,21.0
Lao,2011,21.0
Lao,2012,23.2
Lao,2013,22.1
Lao,2014,22.1
Lao,2015,22.1
Lao,2016,23.7
Latvia,2006,73.7
Latvia,2007,73.0
Latvia,2008,72.3
Latvia,2009,71.4
Latvia,2010,70.5
Latvia,2011,70.5
Latvia,2012,70.5
Latvia,2013,70.5
Latvia,2014,74.8
Latvia,2015,73.7
Latvia,2016,73.1
Lebanon,2006,58.2
Lebanon,2007,57.2
Lebanon,2008,56.2
Lebanon,2009,57.2
Lebanon,2010,58.2
Lebanon,2011,53.2
Lebanon,2012,50.5
Lebanon,2013,50.5
Lebanon,2014,51.2
Lebanon,2015,48.6
Lebanon,2016,48.6
Lesotho,2006,64.8
Lesotho,2007,63.9
Lesotho,2008,62.9
Lesotho,2009,61.5
Lesotho,2010,60.2
Lesotho,2011,63.3
Lesotho,2012,66.6
Lesotho,2013,66.6
Lesotho,2014,66.6
Lesotho,2015,65.9
Lesotho,2016,65.9
Liberia,2006,52.2
Liberia,2007,52.4
Liberia,2008,52.5
Liberia,2009,51.6
Liberia,2010,50.7
Liberia,2011,50.7
Liberia,2012,49.5
Liberia,2013,49.5
Liberia,2014,49.5
Liberia,2015,49.5
Liberia,2016,53.1
Libya,2006,18.4
Libya,2007,19.2
Libya,2008,20.0
Libya,2009,19.7
Libya,2010,19.4
Libya,2011,35.5
Libya,2012,51.5
Libya,2013,48.2
Libya,2014,38.0
Libya,2015,22.5
Libya,2016,22.5
Lithuania,2006,74.3
Lithuania,2007,74.0
Lithuania,2008,73.6
Lithuania,2009,73.0
Lithuania,2010,72.4
Lithuania,2011,72.4
Lithuania,2012,72.4
Lithuania,2013,75.4
Lithuania,2014,75.4
Lithuania,2015,75.4
Lithuania,2016,74.7
Luxembourg,2006,91.0
Luxembourg,2007,91.0
Luxembourg,2008,91.0
Luxembourg,2009,89.9
Luxembourg,2010,88.8
Luxembourg,2011,88.8
Luxembourg,2012,88.8
Luxembourg,2013,88.8
Luxembourg,2014,88.8
Luxembourg,2015,88.8
Luxembourg,2016,88.1
Madagascar,2006,58.2
Madagascar,2007,57.0
Madagascar,2008,55.7
Madagascar,2009,47.5
Madagascar,2010,39.4
Madagascar,2011,39.3
Madagascar,2012,39.3
Madagascar,2013,43.2
Madagascar,2014,44.2
Madagascar,2015,48.5
Madagascar,2016,50.7
Malawi,2006,49.7
Malawi,2007,50.5
Malawi,2008,51.3
Malawi,2009,54.9
Malawi,2010,58.4
Malawi,2011,58.4
Malawi,2012,60.8
Malawi,2013,60.0
Malawi,2014,56.6
Malawi,2015,55.5
Malawi,2016,55.5
Malaysia,2006,59.8
Malaysia,2007,61.7
Malaysia,2008,63.6
Malaysia,2009,62.8
Malaysia,2010,61.9
Malaysia,2011,61.9
Malaysia,2012,64.1
Malaysia,2013,64.9
Malaysia,2014,64.9
Malaysia,2015,64.3
Malaysia,2016,65.4
Mali,2006,59.9
Mali,2007,59.3
Mali,2008,58.7
Mali,2009,59.4
Mali,2010,60.1
Mali,2011,63.6
Mali,2012,51.2
Mali,2013,59.0
Mali,2014,57.9
Mali,2015,57.0
Mali,2016,57.0
Malta,2006,83.9
Malta,2007,83.9
Malta,2008,83.9
Malta,2009,83.3
Malta,2010,82.8
Malta,2011,82.8
Malta,2012,82.8
Malta,2013,82.8
Malta,2014,83.9
Malta,2015,83.9
Malta,2016,83.9
Mauritania,2006,31.2
Mauritania,2007,35.1
Mauritania,2008,39.1
Mauritania,2009,38.9
Mauritania,2010,38.6
Mauritania,2011,41.7
Mauritania,2012,41.7
Mauritania,2013,41.7
Mauritania,2014,41.7
Mauritania,2015,39.6
Mauritania,2016,39.6
Mauritius,2006,80.4
Mauritius,2007,80.4
Mauritius,2008,80.4
Mauritius,2009,80.4
Mauritius,2010,80.4
Mauritius,2011,80.4
Mauritius,2012,81.7
Mauritius,2013,81.7
Mauritius,2014,81.7
Mauritius,2015,82.8
Mauritius,2016,82.8
Mexico,2006,66.7
Mexico,2007,67.3
Mexico,2008,67.8
Mexico,2009,68.5
Mexico,2010,69.3
Mexico,2011,69.3
Mexico,2012,69.0
Mexico,2013,69.1
Mexico,2014,66.8
Mexico,2015,65.5
Mexico,2016,64.7
Moldova,2006,65.0
Moldova,2007,65.0
Moldova,2008,65.0
Moldova,2009,64.2
Moldova,2010,63.3
Moldova,2011,63.3
Moldova,2012,63.2
Moldova,2013,63.2
Moldova,2014,63.2
Moldova,2015,63.5
Moldova,2016,60.1
Mongolia,2006,66.0
Mongolia,2007,66.0
Mongolia,2008,66.0
Mongolia,2009,64.8
Mongolia,2010,63.6
Mongolia,2011,62.3
Mongolia,2012,63.5
Mongolia,2013,65.1
Mongolia,2014,66.2
Mongolia,2015,66.2
Mongolia,2016,66.2
Montenegro,2006,65.7
Montenegro,2007,65.0
Montenegro,2008,64.3
Montenegro,2009,63.5
Montenegro,2010,62.7
Montenegro,2011,61.5
Montenegro,2012,60.5
Montenegro,2013,59.4
Montenegro,2014,59.4
Montenegro,2015,60.1
Montenegro,2016,57.2
Morocco,2006,39.0
Morocco,2007,38.9
Morocco,2008,38.8
Morocco,2009,38.4
Morocco,2010,37.9
Morocco,2011,38.3
Morocco,2012,40.7
Morocco,2013,40.7
Morocco,2014,40.0
Morocco,2015,46.6
Morocco,2016,47.7
Mozambique,2006,52.8
Mozambique,2007,53.9
Mozambique,2008,54.9
Mozambique,2009,52.0
Mozambique,2010,49.0
Mozambique,2011,49.0
Mozambique,2012,48.8
Mozambique,2013,47.7
Mozambique,2014,46.6
Mozambique,2015,46.0
Mozambique,2016,40.2
Myanmar,2006,17.7
Myanmar,2007,17.7
Myanmar,2008,17.7
Myanmar,2009,17.7
Myanmar,2010,17.7
Myanmar,2011,17.7
Myanmar,2012,23.5
Myanmar,2013,27.6
Myanmar,2014,30.5
Myanmar,2015,41.4
Myanmar,2016,42.0
Namibia,2006,65.4
Namibia,2007,65.1
Namibia,2008,64.8
Namibia,2009,63.5
Namibia,2010,62.3
Namibia,2011,62.4
Namibia,2012,62.4
Namibia,2013,62.4
Namibia,2014,62.4
Namibia,2015,63.1
Namibia,2016,63.1
Nepal,2006,34.2
Nepal,2007,37.4
Nepal,2008,40.5
Nepal,2009,41.5
Nepal,2010,42.4
Nepal,2011,42.4
Nepal,2012,41.6
Nepal,2013,47.7
Nepal,2014,47.7
Nepal,2015,47.7
Nepal,2016,48.6
Netherlands,2006,96.6
Netherlands,2007,96.0
Netherlands,2008,95.3
Netherlands,2009,92.6
Netherlands,2010,89.9
Netherlands,2011,89.9
Netherlands,2012,89.9
Netherlands,2013,88.4
Netherlands,2014,89.2
Netherlands,2015,89.2
Netherlands,2016,88.0
New Zealand,2006,90.1
New Zealand,2007,91.0
New Zealand,2008,91.9
New Zealand,2009,92.3
New Zealand,2010,92.6
New Zealand,2011,92.6
New Zealand,2012,92.6
New Zealand,2013,92.6
New Zealand,2014,92.6
New Zealand,2015,92.6
New Zealand,2016,92.6
Nicaragua,2006,56.8
Nicaragua,2007,58.8
Nicaragua,2008,60.7
Nicaragua,2009,59.0
Nicaragua,2010,57.3
Nicaragua,2011,55.6
Nicaragua,2012,55.6
Nicaragua,2013,54.6
Nicaragua,2014,53.2
Nicaragua,2015,52.6
Nicaragua,2016,48.1
Niger,2006,35.4
Niger,2007,34.8
Niger,2008,34.1
Niger,2009,34.0
Niger,2010,33.8
Niger,2011,41.6
Niger,2012,41.6
Niger,2013,40.8
Niger,2014,40.2
Niger,2015,38.5
Niger,2016,39.6
Nigeria,2006,35.2
Nigeria,2007,35.3
Nigeria,2008,35.3
Nigeria,2009,35.0
Nigeria,2010,34.7
Nigeria,2011,38.3
Nigeria,2012,37.7
Nigeria,2013,37.7
Nigeria,2014,37.6
Nigeria,2015,46.2
Nigeria,2016,45.0
North Korea,2006,10.3
North Korea,2007,9.45
North Korea,2008,8.6
North Korea,2009,9.7
North Korea,2010,10.8
North Korea,2011,10.8
North Korea,2012,10.8
North Korea,2013,10.8
North Korea,2014,10.8
North Korea,2015,10.8
North Korea,2016,10.8
North Macedonia,2006,63.3
North Macedonia,2007,62.7
North Macedonia,2008,62.1
North Macedonia,2009,61.9
North Macedonia,2010,61.6
North Macedonia,2011,61.6
North Macedonia,2012,61.6
North Macedonia,2013,61.6
North Macedonia,2014,62.5
North Macedonia,2015,60.2
North Macedonia,2016,52.3
Norway,2006,95.5
Norway,2007,96.2
Norway,2008,96.8
Norway,2009,97.4
Norway,2010,98.0
Norway,2011,98.0
Norway,2012,99.3
Norway,2013,99.3
Norway,2014,99.3
Norway,2015,99.3
Norway,2016,99.3
Oman,2006,27.7
Oman,2007,28.8
Oman,2008,29.8
Oman,2009,29.2
Oman,2010,28.6
Oman,2011,32.6
Oman,2012,32.6
Oman,2013,32.6
Oman,2014,31.5
Oman,2015,30.4
Oman,2016,30.4
Pakistan,2006,39.2
Pakistan,2007,41.9
Pakistan,2008,44.6
Pakistan,2009,45.0
Pakistan,2010,45.5
Pakistan,2011,45.5
Pakistan,2012,45.7
Pakistan,2013,46.4
Pakistan,2014,46.4
Pakistan,2015,44.0
Pakistan,2016,43.3
Palestine,2006,60.1
Palestine,2007,59.2
Palestine,2008,58.3
Palestine,2009,56.4
Palestine,2010,54.4
Palestine,2011,49.7
Palestine,2012,48.0
Palestine,2013,48.0
Palestine,2014,47.2
Palestine,2015,45.7
Palestine,2016,44.9
Panama,2006,73.5
Panama,2007,73.5
Panama,2008,73.5
Panama,2009,72.5
Panama,2010,71.5
Panama,2011,70.8
Panama,2012,70.8
Panama,2013,70.8
Panama,2014,70.8
Panama,2015,71.9
Panama,2016,71.3
Papua New Guinea,2006,65.4
Papua New Guinea,2007,65.4
Papua New Guinea,2008,65.4
Papua New Guinea,2009,65.4
Papua New Guinea,2010,65.4
Papua New Guinea,2011,63.2
Papua New Guinea,2012,63.2
Papua New Guinea,2013,63.6
Papua New Guinea,2014,60.3
Papua New Guinea,2015,60.3
Papua New Guinea,2016,60.3
Paraguay,2006,61.6
Paraguay,2007,62.8
Paraguay,2008,64.0
Paraguay,2009,64.0
Paraguay,2010,64.0
Paraguay,2011,64.0
Paraguay,2012,62.6
Paraguay,2013,62.6
Paraguay,2014,62.6
Paraguay,2015,63.3
Paraguay,2016,62.7
Peru,2006,61.1
Peru,2007,62.1
Peru,2008,63.1
Peru,2009,63.5
Peru,2010,64.0
Peru,2011,65.9
Peru,2012,64.7
Peru,2013,65.4
Peru,2014,65.4
Peru,2015,65.8
Peru,2016,66.5
Philippines,2006,64.8
Philippines,2007,63.0
Philippines,2008,61.2
Philippines,2009,61.2
Philippines,2010,61.2
Philippines,2011,61.2
Philippines,2012,63.0
Philippines,2013,64.1
Philippines,2014,67.7
Philippines,2015,68.4
Philippines,2016,69.4
Poland,2006,73.0
Poland,2007,73.0
Poland,2008,73.0
Poland,2009,71.8
Poland,2010,70.5
Poland,2011,71.2
Poland,2012,71.2
Poland,2013,71.2
Poland,2014,74.7
Poland,2015,70.9
Poland,2016,68.3
Portugal,2006,81.6
Portugal,2007,81.0
Portugal,2008,80.5
Portugal,2009,80.3
Portugal,2010,80.2
Portugal,2011,78.1
Portugal,2012,79.2
Portugal,2013,76.5
Portugal,2014,77.9
Portugal,2015,77.9
Portugal,2016,78.6
Qatar,2006,27.8
Qatar,2007,28.5
Qatar,2008,29.2
Qatar,2009,30.1
Qatar,2010,30.9
Qatar,2011,31.8
Qatar,2012,31.8
Qatar,2013,31.8
Qatar,2014,31.8
Qatar,2015,31.8
Qatar,2016,31.8
Romania,2006,70.6
Romania,2007,70.6
Romania,2008,70.6
Romania,2009,68.3
Romania,2010,66.0
Romania,2011,65.4
Romania,2012,65.4
Romania,2013,65.4
Romania,2014,66.8
Romania,2015,66.8
Romania,2016,66.2
Russia,2006,50.2
Russia,2007,47.5
Russia,2008,44.8
Russia,2009,43.7
Russia,2010,42.6
Russia,2011,39.2
Russia,2012,37.4
Russia,2013,35.9
Russia,2014,33.9
Russia,2015,33.1
Russia,2016,32.4
Rwanda,2006,38.2
Rwanda,2007,37.6
Rwanda,2008,37.1
Rwanda,2009,34.8
Rwanda,2010,32.5
Rwanda,2011,32.5
Rwanda,2012,33.6
Rwanda,2013,33.8
Rwanda,2014,32.5
Rwanda,2015,30.7
Rwanda,2016,30.7
Saudi Arabia,2006,19.2
Saudi Arabia,2007,19.1
Saudi Arabia,2008,19.0
Saudi Arabia,2009,18.7
Saudi Arabia,2010,18.4
Saudi Arabia,2011,17.7
Saudi Arabia,2012,17.1
Saudi Arabia,2013,18.2
Saudi Arabia,2014,18.2
Saudi Arabia,2015,19.3
Saudi Arabia,2016,19.3
Senegal,2006,53.7
Senegal,2007,53.7
Senegal,2008,53.7
Senegal,2009,53.2
Senegal,2010,52.7
Senegal,2011,55.1
Senegal,2012,60.9
Senegal,2013,61.5
Senegal,2014,61.5
Senegal,2015,60.8
Senegal,2016,62.1
Serbia,2006,66.2
Serbia,2007,65.5
Serbia,2008,64.9
Serbia,2009,64.1
Serbia,2010,63.3
Serbia,2011,63.3
Serbia,2012,63.3
Serbia,2013,66.7
Serbia,2014,67.1
Serbia,2015,67.1
Serbia,2016,65.7
Sierra Leone,2006,35.7
Sierra Leone,2007,38.4
Sierra Leone,2008,41.1
Sierra Leone,2009,43.1
Sierra Leone,2010,45.1
Sierra Leone,2011,45.1
Sierra Leone,2012,47.1
Sierra Leone,2013,46.4
Sierra Leone,2014,45.6
Sierra Leone,2015,45.5
Sierra Leone,2016,45.5
Singapore,2006,58.9
Singapore,2007,58.9
Singapore,2008,58.9
Singapore,2009,58.9
Singapore,2010,58.9
Singapore,2011,58.9
Singapore,2012,58.8
Singapore,2013,59.2
Singapore,2014,60.3
Singapore,2015,61.4
Singapore,2016,63.8
Slovak Republic,2006,74.0
Slovak Republic,2007,73.7
Slovak Republic,2008,73.3
Slovak Republic,2009,73.4
Slovak Republic,2010,73.5
Slovak Republic,2011,73.5
Slovak Republic,2012,73.5
Slovak Republic,2013,73.5
Slovak Republic,2014,73.5
Slovak Republic,2015,72.9
Slovak Republic,2016,72.9
Slovenia,2006,79.6
Slovenia,2007,79.6
Slovenia,2008,79.6
Slovenia,2009,78.3
Slovenia,2010,76.9
Slovenia,2011,77.6
Slovenia,2012,78.8
Slovenia,2013,78.8
Slovenia,2014,75.7
Slovenia,2015,75.7
Slovenia,2016,75.1
South Africa,2006,79.1
South Africa,2007,79.1
South Africa,2008,79.1
South Africa,2009,78.5
South Africa,2010,77.9
South Africa,2011,77.9
South Africa,2012,77.9
South Africa,2013,79.0
South Africa,2014,78.2
South Africa,2015,75.6
South Africa,2016,74.1
South Korea,2006,78.8
South Korea,2007,79.5
South Korea,2008,80.1
South Korea,2009,80.6
South Korea,2010,81.1
South Korea,2011,80.6
South Korea,2012,81.3
South Korea,2013,80.6
South Korea,2014,80.6
South Korea,2015,79.7
South Korea,2016,79.2
Spain,2006,83.4
Spain,2007,84.0
Spain,2008,84.5
Spain,2009,83.0
Spain,2010,81.6
Spain,2011,80.2
Spain,2012,80.2
Spain,2013,80.2
Spain,2014,80.5
Spain,2015,83.0
Spain,2016,83.0
Sri Lanka,2006,65.8
Sri Lanka,2007,66.0
Sri Lanka,2008,66.1
Sri Lanka,2009,66.3
Sri Lanka,2010,66.4
Sri Lanka,2011,65.8
Sri Lanka,2012,57.5
Sri Lanka,2013,56.9
Sri Lanka,2014,56.9
Sri Lanka,2015,64.2
Sri Lanka,2016,64.8
Sudan,2006,29.0
Sudan,2007,28.6
Sudan,2008,28.1
Sudan,2009,26.1
Sudan,2010,24.2
Sudan,2011,23.8
Sudan,2012,23.8
Sudan,2013,25.4
Sudan,2014,25.4
Sudan,2015,23.7
Sudan,2016,23.7
Suriname,2006,65.2
Suriname,2007,65.5
Suriname,2008,65.8
Suriname,2009,66.2
Suriname,2010,66.5
Suriname,2011,66.5
Suriname,2012,66.5
Suriname,2013,67.7
Suriname,2014,67.7
Suriname,2015,67.7
Suriname,2016,67.7
Swaziland,2006,29.3
Swaziland,2007,29.9
Swaziland,2008,30.4
Swaziland,2009,29.7
Swaziland,2010,29.0
Swaziland,2011,32.6
Swaziland,2012,32.0
Swaziland,2013,32.0
Swaziland,2014,30.9
Swaziland,2015,30.9
Swaziland,2016,30.3
Sweden,2006,98.8
Sweden,2007,98.8
Sweden,2008,98.8
Sweden,2009,96.9
Sweden,2010,95.0
Sweden,2011,95.0
Sweden,2012,97.3
Sweden,2013,97.3
Sweden,2014,97.3
Sweden,2015,94.5
Sweden,2016,93.9
Switzerland,2006,90.2
Switzerland,2007,90.8
Switzerland,2008,91.5
Switzerland,2009,91.2
Switzerland,2010,90.9
Switzerland,2011,90.9
Switzerland,2012,90.9
Switzerland,2013,90.9
Switzerland,2014,90.9
Switzerland,2015,90.9
Switzerland,2016,90.9
Syria,2006,23.6
Syria,2007,22.7
Syria,2008,21.8
Syria,2009,22.4
Syria,2010,23.1
Syria,2011,19.9
Syria,2012,16.3
Syria,2013,18.6
Syria,2014,17.4
Syria,2015,14.3
Syria,2016,14.3
Tajikistan,2006,24.5
Tajikistan,2007,24.5
Tajikistan,2008,24.5
Tajikistan,2009,24.8
Tajikistan,2010,25.1
Tajikistan,2011,25.1
Tajikistan,2012,25.1
Tajikistan,2013,25.1
Tajikistan,2014,23.7
Tajikistan,2015,19.5
Tajikistan,2016,18.9
Tanzania,2006,51.8
Tanzania,2007,52.3
Tanzania,2008,52.8
Tanzania,2009,54.6
Tanzania,2010,56.4
Tanzania,2011,56.4
Tanzania,2012,58.8
Tanzania,2013,57.7
Tanzania,2014,57.7
Tanzania,2015,55.8
Tanzania,2016,57.6
Thailand,2006,56.7
Thailand,2007,62.4
Thailand,2008,68.1
Thailand,2009,66.8
Thailand,2010,65.5
Thailand,2011,65.5
Thailand,2012,65.5
Thailand,2013,62.5
Thailand,2014,53.9
Thailand,2015,50.9
Thailand,2016,49.2
Timor-Leste,2006,64.1
Timor-Leste,2007,68.2
Timor-Leste,2008,72.2
Timor-Leste,2009,72.2
Timor-Leste,2010,72.2
Timor-Leste,2011,72.2
Timor-Leste,2012,71.6
Timor-Leste,2013,72.4
Timor-Leste,2014,72.4
Timor-Leste,2015,72.4
Timor-Leste,2016,72.4
Togo,2006,17.5
Togo,2007,20.9
Togo,2008,24.3
Togo,2009,29.4
Togo,2010,34.5
Togo,2011,34.5
Togo,2012,34.5
Togo,2013,34.5
Togo,2014,34.5
Togo,2015,34.1
Togo,2016,33.2
Trinidad and Tobago,2006,71.8
Trinidad and Tobago,2007,72.0
Trinidad and Tobago,2008,72.1
Trinidad and Tobago,2009,71.8
Trinidad and Tobago,2010,71.6
Trinidad and Tobago,2011,71.6
Trinidad and Tobago,2012,69.9
Trinidad and Tobago,2013,69.9
Trinidad and Tobago,2014,69.9
Trinidad and Tobago,2015,71.0
Trinidad and Tobago,2016,71.0
Tunisia,2006,30.6
Tunisia,2007,30.1
Tunisia,2008,29.6
Tunisia,2009,28.8
Tunisia,2010,27.9
Tunisia,2011,55.3
Tunisia,2012,56.7
Tunisia,2013,57.6
Tunisia,2014,63.1
Tunisia,2015,67.2
Tunisia,2016,64.0
Turkey,2006,57.0
Turkey,2007,57.0
Turkey,2008,56.9
Turkey,2009,57.1
Turkey,2010,57.3
Turkey,2011,57.3
Turkey,2012,57.6
Turkey,2013,56.3
Turkey,2014,51.2
Turkey,2015,51.2
Turkey,2016,50.4
Turkmenistan,2006,18.3
Turkmenistan,2007,17.8
Turkmenistan,2008,17.2
Turkmenistan,2009,17.2
Turkmenistan,2010,17.2
Turkmenistan,2011,17.2
Turkmenistan,2012,17.2
Turkmenistan,2013,17.2
Turkmenistan,2014,18.3
Turkmenistan,2015,18.3
Turkmenistan,2016,18.3
Uganda,2006,51.4
Uganda,2007,50.9
Uganda,2008,50.3
Uganda,2009,50.4
Uganda,2010,50.5
Uganda,2011,51.3
Uganda,2012,51.6
Uganda,2013,52.2
Uganda,2014,52.2
Uganda,2015,52.2
Uganda,2016,52.6
Ukraine,2006,69.4
Ukraine,2007,69.4
Ukraine,2008,69.4
Ukraine,2009,66.2
Ukraine,2010,63.0
Ukraine,2011,59.4
Ukraine,2012,59.1
Ukraine,2013,58.4
Ukraine,2014,54.2
Ukraine,2015,57.0
Ukraine,2016,57.0
United Arab Emirates,2006,24.2
United Arab Emirates,2007,25.1
United Arab Emirates,2008,26.0
United Arab Emirates,2009,25.6
United Arab Emirates,2010,25.2
United Arab Emirates,2011,25.8
United Arab Emirates,2012,25.8
United Arab Emirates,2013,25.2
United Arab Emirates,2014,26.4
United Arab Emirates,2015,27.5
United Arab Emirates,2016,27.5
United Kingdom,2006,80.8
United Kingdom,2007,81.2
United Kingdom,2008,81.5
United Kingdom,2009,81.5
United Kingdom,2010,81.6
United Kingdom,2011,81.6
United Kingdom,2012,82.1
United Kingdom,2013,83.1
United Kingdom,2014,83.1
United Kingdom,2015,83.1
United Kingdom,2016,83.6
United States,2006,82.2
United States,2007,82.2
United States,2008,82.2
United States,2009,82.0
United States,2010,81.8
United States,2011,81.1
United States,2012,81.1
United States,2013,81.1
United States,2014,81.1
United States,2015,80.5
United States,2016,79.8
Uruguay,2006,79.6
Uruguay,2007,80.2
Uruguay,2008,80.8
Uruguay,2009,80.9
Uruguay,2010,81.0
Uruguay,2011,81.7
Uruguay,2012,81.7
Uruguay,2013,81.7
Uruguay,2014,81.7
Uruguay,2015,81.7
Uruguay,2016,81.7
Uzbekistan,2006,18.5
Uzbekistan,2007,17.9
Uzbekistan,2008,17.4
Uzbekistan,2009,17.4
Uzbekistan,2010,17.4
Uzbekistan,2011,17.4
Uzbekistan,2012,17.2
Uzbekistan,2013,17.2
Uzbekistan,2014,24.5
Uzbekistan,2015,19.5
Uzbekistan,2016,19.5
Venezuela,2006,54.2
Venezuela,2007,53.8
Venezuela,2008,53.4
Venezuela,2009,52.6
Venezuela,2010,51.8
Venezuela,2011,50.8
Venezuela,2012,51.5
Venezuela,2013,50.7
Venezuela,2014,50.7
Venezuela,2015,50.0
Venezuela,2016,46.8
Vietnam,2006,27.5
Vietnam,2007,26.4
Vietnam,2008,25.3
Vietnam,2009,27.4
Vietnam,2010,29.4
Vietnam,2011,29.6
Vietnam,2012,28.9
Vietnam,2013,32.9
Vietnam,2014,34.1
Vietnam,2015,35.3
Vietnam,2016,33.8
Yemen,2006,29.8
Yemen,2007,29.6
Yemen,2008,29.5
Yemen,2009,27.9
Yemen,2010,26.4
Yemen,2011,25.7
Yemen,2012,31.2
Yemen,2013,27.9
Yemen,2014,27.9
Yemen,2015,22.4
Yemen,2016,20.7
Zambia,2006,52.5
Zambia,2007,52.5
Zambia,2008,52.5
Zambia,2009,54.6
Zambia,2010,56.8
Zambia,2011,61.9
Zambia,2012,62.6
Zambia,2013,62.6
Zambia,2014,63.9
Zambia,2015,62.8
Zambia,2016,59.9
Zimbabwe,2006,26.2
Zimbabwe,2007,25.8
Zimbabwe,2008,25.3
Zimbabwe,2009,25.9
Zimbabwe,2010,26.4
Zimbabwe,2011,26.8
Zimbabwe,2012,26.7
Zimbabwe,2013,26.7
Zimbabwe,2014,27.8
Zimbabwe,2015,30.5
Zimbabwe,2016,30.5
