country,year,income_per_person
Afghanistan,2006,1120
Afghanistan,2007,1250
Afghanistan,2008,1270
Afghanistan,2009,1500
Afghanistan,2010,1670
Afghanistan,2011,1630
Afghanistan,2012,1770
Afghanistan,2013,1810
Afghanistan,2014,1800
Afghanistan,2015,1770
Afghanistan,2016,1760
Albania,2006,7910
Albania,2007,8450
Albania,2008,9160
Albania,2009,9530
Albania,2010,9930
Albania,2011,10200
Albania,2012,10400
Albania,2013,10500
Albania,2014,10700
Albania,2015,11000
Albania,2016,11400
Algeria,2006,12400
Algeria,2007,12600
Algeria,2008,12700
Algeria,2009,12700
Algeria,2010,12900
Algeria,2011,13000
Algeria,2012,13200
Algeria,2013,13300
Algeria,2014,13500
Algeria,2015,13800
Algeria,2016,13900
Andorra,2006,42700
Andorra,2007,43400
Andorra,2008,41400
Andorra,2009,41700
Andorra,2010,39000
Andorra,2011,42000
Andorra,2012,41900
Andorra,2013,43700
Andorra,2014,44900
Andorra,2015,46600
Andorra,2016,48200
Angola,2006,5500
Angola,2007,6040
Angola,2008,6470
Angola,2009,6290
Angola,2010,6360
Angola,2011,6350
Angola,2012,6650
Angola,2013,6730
Angola,2014,6810
Angola,2015,6650
Angola,2016,6260
Antigua and Barbuda,2006,24700
Antigua and Barbuda,2007,26500
Antigua and Barbuda,2008,26100
Antigua and Barbuda,2009,22600
Antigua and Barbuda,2010,20700
Antigua and Barbuda,2011,20000
Antigua and Barbuda,2012,20400
Antigua and Barbuda,2013,20100
Antigua and Barbuda,2014,20800
Antigua and Barbuda,2015,21400
Antigua and Barbuda,2016,22400
Argentina,2006,16700
Argentina,2007,18000
Argentina,2008,18600
Argentina,2009,17300
Argentina,2010,18900
Argentina,2011,19800
Argentina,2012,19400
Argentina,2013,19600
Argentina,2014,18900
Argentina,2015,19200
Argentina,2016,18600
Armenia,2006,6110
Armenia,2007,7010
Armenia,2008,7560
Armenia,2009,6530
Armenia,2010,6700
Armenia,2011,7020
Armenia,2012,7510
Armenia,2013,7720
Armenia,2014,7950
Armenia,2015,8170
Armenia,2016,8160
Australia,2006,39500
Australia,2007,40700
Australia,2008,41400
Australia,2009,41300
Australia,2010,41500
Australia,2011,42000
Australia,2012,42800
Australia,2013,43200
Australia,2014,43700
Australia,2015,44100
Australia,2016,44600
Austria,2006,42500
Austria,2007,43900
Austria,2008,44400
Austria,2009,42700
Austria,2010,43300
Austria,2011,44500
Austria,2012,44600
Austria,2013,44300
Austria,2014,44200
Austria,2015,44300
Austria,2016,44700
Azerbaijan,2006,10900
Azerbaijan,2007,13500
Azerbaijan,2008,14600
Azerbaijan,2009,15700
Azerbaijan,2010,16200
Azerbaijan,2011,15800
Azerbaijan,2012,15900
Azerbaijan,2013,16600
Azerbaijan,2014,16900
Azerbaijan,2015,16800
Azerbaijan,2016,16100
Bahamas,2006,33000
Bahamas,2007,32900
Bahamas,2008,31500
Bahamas,2009,29700
Bahamas,2010,29700
Bahamas,2011,29500
Bahamas,2012,30100
Bahamas,2013,29700
Bahamas,2014,29300
Bahamas,2015,29400
Bahamas,2016,28600
Bahrain,2006,42700
Bahrain,2007,42800
Bahrain,2008,42200
Bahrain,2009,40700
Bahrain,2010,40600
Bahrain,2011,40200
Bahrain,2012,41000
Bahrain,2013,42700
Bahrain,2014,43800
Bahrain,2015,43900
Bahrain,2016,43700
Bangladesh,2006,2100
Bangladesh,2007,2220
Bangladesh,2008,2320
Bangladesh,2009,2410
Bangladesh,2010,2520
Bangladesh,2011,2650
Bangladesh,2012,2790
Bangladesh,2013,2930
Bangladesh,2014,3070
Bangladesh,2015,3230
Bangladesh,2016,3420
Barbados,2006,16900
Barbados,2007,17100
Barbados,2008,17000
Barbados,2009,16300
Barbados,2010,16300
Barbados,2011,16300
Barbados,2012,16300
Barbados,2013,16300
Barbados,2014,16300
Barbados,2015,16400
Barbados,2016,16700
Belarus,2006,12400
Belarus,2007,13600
Belarus,2008,15000
Belarus,2009,15100
Belarus,2010,16300
Belarus,2011,17200
Belarus,2012,17500
Belarus,2013,17600
Belarus,2014,17900
Belarus,2015,17200
Belarus,2016,16800
Belgium,2006,40500
Belgium,2007,41600
Belgium,2008,41600
Belgium,2009,40400
Belgium,2010,41100
Belgium,2011,41300
Belgium,2012,41100
Belgium,2013,41000
Belgium,2014,41300
Belgium,2015,41800
Belgium,2016,42200
Belize,2006,8000
Belize,2007,7880
Belize,2008,7930
Belize,2009,7780
Belize,2010,7850
Belize,2011,7830
Belize,2012,7880
Belize,2013,7770
Belize,2014,7880
Belize,2015,7980
Belize,2016,7770
Benin,2006,1750
Benin,2007,1810
Benin,2008,1840
Benin,2009,1830
Benin,2010,1820
Benin,2011,1820
Benin,2012,1860
Benin,2013,1940
Benin,2014,2000
Benin,2015,1990
Benin,2016,2010
Bhutan,2006,4830
Bhutan,2007,5630
Bhutan,2008,5840
Bhutan,2009,6160
Bhutan,2010,6810
Bhutan,2011,7270
Bhutan,2012,7550
Bhutan,2013,7620
Bhutan,2014,7950
Bhutan,2015,8380
Bhutan,2016,8940
Bolivia,2006,4780
Bolivia,2007,4910
Bolivia,2008,5130
Bolivia,2009,5210
Bolivia,2010,5340
Bolivia,2011,5530
Bolivia,2012,5720
Bolivia,2013,6010
Bolivia,2014,6240
Bolivia,2015,6440
Bolivia,2016,6620
Bosnia and Herzegovina,2006,8800
Bosnia and Herzegovina,2007,9320
Bosnia and Herzegovina,2008,9850
Bosnia and Herzegovina,2009,9600
Bosnia and Herzegovina,2010,9760
Bosnia and Herzegovina,2011,9980
Bosnia and Herzegovina,2012,10000
Bosnia and Herzegovina,2013,10500
Bosnia and Herzegovina,2014,10800
Bosnia and Herzegovina,2015,11300
Bosnia and Herzegovina,2016,11800
Botswana,2006,12400
Botswana,2007,13200
Botswana,2008,13700
Botswana,2009,12400
Botswana,2010,13200
Botswana,2011,13800
Botswana,2012,14300
Botswana,2013,15700
Botswana,2014,16200
Botswana,2015,15700
Botswana,2016,16000
Brazil,2006,12700
Brazil,2007,13300
Brazil,2008,13900
Brazil,2009,13700
Brazil,2010,14600
Brazil,2011,15100
Brazil,2012,15200
Brazil,2013,15500
Brazil,2014,15500
Brazil,2015,14800
Brazil,2016,14200
Brunei,2006,85400
Brunei,2007,84500
Brunei,2008,81900
Brunei,2009,79500
Brunei,2010,80600
Brunei,2011,82500
Brunei,2012,82200
Brunei,2013,79300
Brunei,2014,76400
Brunei,2015,75100
Brunei,2016,72400
Bulgaria,2006,13400
Bulgaria,2007,14500
Bulgaria,2008,15400
Bulgaria,2009,15000
Bulgaria,2010,15300
Bulgaria,2011,15700
Bulgaria,2012,15800
Bulgaria,2013,15900
Bulgaria,2014,16300
Bulgaria,2015,17000
Bulgaria,2016,17800
Burkina Faso,2006,1310
Burkina Faso,2007,1340
Burkina Faso,2008,1390
Burkina Faso,2009,1390
Burkina Faso,2010,1420
Burkina Faso,2011,1470
Burkina Faso,2012,1520
Burkina Faso,2013,1560
Burkina Faso,2014,1580
Burkina Faso,2015,1600
Burkina Faso,2016,1640
Burundi,2006,707
Burundi,2007,707
Burundi,2008,718
Burundi,2009,721
Burundi,2010,734
Burundi,2011,739
Burundi,2012,748
Burundi,2013,761
Burundi,2014,768
Burundi,2015,716
Burundi,2016,689
Cambodia,2006,2150
Cambodia,2007,2330
Cambodia,2008,2450
Cambodia,2009,2420
Cambodia,2010,2520
Cambodia,2011,2660
Cambodia,2012,2810
Cambodia,2013,2960
Cambodia,2014,3120
Cambodia,2015,3290
Cambodia,2016,3470
Cameroon,2006,2800
Cameroon,2007,2860
Cameroon,2008,2880
Cameroon,2009,2860
Cameroon,2010,2880
Cameroon,2011,2910
Cameroon,2012,2970
Cameroon,2013,3040
Cameroon,2014,3130
Cameroon,2015,3220
Cameroon,2016,3290
Canada,2006,41200
Canada,2007,41600
Canada,2008,41600
Canada,2009,39900
Canada,2010,40700
Canada,2011,41600
Canada,2012,41800
Canada,2013,42400
Canada,2014,43100
Canada,2015,43100
Canada,2016,43100
Cape Verde,2006,5070
Cape Verde,2007,5770
Cape Verde,2008,6080
Cape Verde,2009,5930
Cape Verde,2010,5940
Cape Verde,2011,6100
Cape Verde,2012,6090
Cape Verde,2013,6060
Cape Verde,2014,6020
Cape Verde,2015,6010
Cape Verde,2016,6210
Central African Republic,2006,863
Central African Republic,2007,885
Central African Republic,2008,888
Central African Republic,2009,950
Central African Republic,2010,982
Central African Republic,2011,1020
Central African Republic,2012,1060
Central African Republic,2013,678
Central African Republic,2014,677
Central African Republic,2015,703
Central African Republic,2016,731
Chad,2006,1740
Chad,2007,1740
Chad,2008,1730
Chad,2009,1740
Chad,2010,1920
Chad,2011,1850
Chad,2012,1950
Chad,2013,1990
Chad,2014,2060
Chad,2015,2050
Chad,2016,1860
Chile,2006,17900
Chile,2007,18500
Chile,2008,19000
Chile,2009,18500
Chile,2010,19400
Chile,2011,20300
Chile,2012,21200
Chile,2013,21900
Chile,2014,22000
Chile,2015,22300
Chile,2016,22300
China,2006,6390
China,2007,7260
China,2008,7930
China,2009,8630
China,2010,9500
China,2011,10400
China,2012,11100
China,2013,11900
China,2014,12700
China,2015,13500
China,2016,14400
Colombia,2006,9840
Colombia,2007,10400
Colombia,2008,10600
Colombia,2009,10600
Colombia,2010,11000
Colombia,2011,11700
Colombia,2012,12000
Colombia,2013,12400
Colombia,2014,12900
Colombia,2015,13100
Colombia,2016,13200
Comoros,2006,2380
Comoros,2007,2340
Comoros,2008,2380
Comoros,2009,2390
Comoros,2010,2430
Comoros,2011,2470
Comoros,2012,2480
Comoros,2013,2530
Comoros,2014,2530
Comoros,2015,2490
Comoros,2016,2490
"Congo, Dem. Rep.",2006,605
"Congo, Dem. Rep.",2007,623
"Congo, Dem. Rep.",2008,640
"Congo, Dem. Rep.",2009,637
"Congo, Dem. Rep.",2010,660
"Congo, Dem. Rep.",2011,682
"Congo, Dem. Rep.",2012,706
"Congo, Dem. Rep.",2013,741
"Congo, Dem. Rep.",2014,785
"Congo, Dem. Rep.",2015,812
"Congo, Dem. Rep.",2016,805
"Congo, Rep.",2006,5000
"Congo, Rep.",2007,4760
"Congo, Rep.",2008,4850
"Congo, Rep.",2009,5050
"Congo, Rep.",2010,5320
"Congo, Rep.",2011,5350
"Congo, Rep.",2012,5420
"Congo, Rep.",2013,5470
"Congo, Rep.",2014,5700
"Congo, Rep.",2015,5700
"Congo, Rep.",2016,5400
Costa Rica,2006,11600
Costa Rica,2007,12300
Costa Rica,2008,12700
Costa Rica,2009,12500
Costa Rica,2010,12900
Costa Rica,2011,13300
Costa Rica,2012,13800
Costa Rica,2013,13900
Costa Rica,2014,14300
Costa Rica,2015,14600
Costa Rica,2016,15100
Cote d'Ivoire,2006,2660
Cote d'Ivoire,2007,2650
Cote d'Ivoire,2008,2660
Cote d'Ivoire,2009,2680
Cote d'Ivoire,2010,2670
Cote d'Ivoire,2011,2500
Cote d'Ivoire,2012,2700
Cote d'Ivoire,2013,2860
Cote d'Ivoire,2014,3040
Cote d'Ivoire,2015,3230
Cote d'Ivoire,2016,3400
Croatia,2006,21100
Croatia,2007,22200
Croatia,2008,22700
Croatia,2009,21000
Croatia,2010,20800
Croatia,2011,20800
Croatia,2012,20300
Croatia,2013,20300
Croatia,2014,20400
Croatia,2015,21000
Croatia,2016,21900
Cuba,2006,5920
Cuba,2007,6050
Cuba,2008,6340
Cuba,2009,6480
Cuba,2010,6700
Cuba,2011,6930
Cuba,2012,7140
Cuba,2013,7380
Cuba,2014,7630
Cuba,2015,7890
Cuba,2016,7890
Cyprus,2006,34600
Cyprus,2007,35600
Cyprus,2008,36000
Cyprus,2009,34400
Cyprus,2010,33900
Cyprus,2011,33200
Cyprus,2012,31800
Cyprus,2013,30000
Cyprus,2014,29900
Cyprus,2015,30700
Cyprus,2016,32000
Czech Republic,2006,27500
Czech Republic,2007,28800
Czech Republic,2008,29400
Czech Republic,2009,27800
Czech Republic,2010,28400
Czech Republic,2011,28800
Czech Republic,2012,28500
Czech Republic,2013,28400
Czech Republic,2014,29100
Czech Republic,2015,30600
Czech Republic,2016,31300
Denmark,2006,46200
Denmark,2007,46400
Denmark,2008,45900
Denmark,2009,43400
Denmark,2010,44000
Denmark,2011,44400
Denmark,2012,44300
Denmark,2013,44600
Denmark,2014,45100
Denmark,2015,45800
Denmark,2016,46500
Djibouti,2006,2360
Djibouti,2007,2440
Djibouti,2008,2540
Djibouti,2009,2630
Djibouti,2010,2670
Djibouti,2011,2740
Djibouti,2012,2830
Djibouti,2013,2920
Djibouti,2014,3040
Djibouti,2015,3180
Djibouti,2016,3060
Dominica,2006,9090
Dominica,2007,9660
Dominica,2008,10300
Dominica,2009,10200
Dominica,2010,10300
Dominica,2011,10300
Dominica,2012,10100
Dominica,2013,10100
Dominica,2014,10500
Dominica,2015,10200
Dominica,2016,10500
Dominican Republic,2006,9860
Dominican Republic,2007,10500
Dominican Republic,2008,10700
Dominican Republic,2009,10600
Dominican Republic,2010,11400
Dominican Republic,2011,11600
Dominican Republic,2012,11800
Dominican Republic,2013,12200
Dominican Republic,2014,13000
Dominican Republic,2015,13700
Dominican Republic,2016,14500
Ecuador,2006,8780
Ecuador,2007,8820
Ecuador,2008,9230
Ecuador,2009,9130
Ecuador,2010,9310
Ecuador,2011,9880
Ecuador,2012,10300
Ecuador,2013,10600
Ecuador,2014,10900
Ecuador,2015,10700
Ecuador,2016,10400
Egypt,2006,8540
Egypt,2007,8990
Egypt,2008,9460
Egypt,2009,9720
Egypt,2010,10000
Egypt,2011,9980
Egypt,2012,9980
Egypt,2013,9970
Egypt,2014,10000
Egypt,2015,10200
Egypt,2016,10500
El Salvador,2006,6120
El Salvador,2007,6200
El Salvador,2008,6310
El Salvador,2009,6150
El Salvador,2010,6280
El Salvador,2011,6490
El Salvador,2012,6650
El Salvador,2013,6760
El Salvador,2014,6850
El Salvador,2015,6980
El Salvador,2016,7120
Equatorial Guinea,2006,32600
Equatorial Guinea,2007,35900
Equatorial Guinea,2008,40400
Equatorial Guinea,2009,39100
Equatorial Guinea,2010,34000
Equatorial Guinea,2011,34600
Equatorial Guinea,2012,35900
Equatorial Guinea,2013,33000
Equatorial Guinea,2014,31700
Equatorial Guinea,2015,27700
Equatorial Guinea,2016,24300
Eritrea,2006,2190
Eritrea,2007,2170
Eritrea,2008,1910
Eritrea,2009,1950
Eritrea,2010,1960
Eritrea,2011,2100
Eritrea,2012,1180
Eritrea,2013,1160
Eritrea,2014,1200
Eritrea,2015,1240
Eritrea,2016,1240
Estonia,2006,25300
Estonia,2007,27400
Estonia,2008,26000
Estonia,2009,22200
Estonia,2010,22700
Estonia,2011,24500
Estonia,2012,25700
Estonia,2013,26300
Estonia,2014,27100
Estonia,2015,27600
Estonia,2016,28600
Ethiopia,2006,794
Ethiopia,2007,860
Ethiopia,2008,928
Ethiopia,2009,982
Ethiopia,2010,1080
Ethiopia,2011,1160
Ethiopia,2012,1230
Ethiopia,2013,1320
Ethiopia,2014,1410
Ethiopia,2015,1520
Ethiopia,2016,1620
Fiji,2006,7510
Fiji,2007,7370
Fiji,2008,7370
Fiji,2009,7190
Fiji,2010,7350
Fiji,2011,7520
Fiji,2012,7610
Fiji,2013,7970
Fiji,2014,8410
Fiji,2015,8780
Fiji,2016,8970
Finland,2006,40500
Finland,2007,42500
Finland,2008,42600
Finland,2009,38900
Finland,2010,39800
Finland,2011,40700
Finland,2012,39900
Finland,2013,39400
Finland,2014,39000
Finland,2015,39100
Finland,2016,40100
France,2006,37000
France,2007,37700
France,2008,37600
France,2009,36300
France,2010,36800
France,2011,37400
France,2012,37400
France,2013,37400
France,2014,37600
France,2015,37800
France,2016,38100
Gabon,2006,16000
Gabon,2007,16500
Gabon,2008,15500
Gabon,2009,15000
Gabon,2010,15500
Gabon,2011,16000
Gabon,2012,16200
Gabon,2013,16500
Gabon,2014,16600
Gabon,2015,16700
Gabon,2016,16500
Gambia,2006,1410
Gambia,2007,1420
Gambia,2008,1450
Gambia,2009,1500
Gambia,2010,1550
Gambia,2011,1440
Gambia,2012,1480
Gambia,2013,1500
Gambia,2014,1440
Gambia,2015,1480
Gambia,2016,1440
Georgia,2006,5770
Georgia,2007,6530
Georgia,2008,6710
Georgia,2009,6520
Georgia,2010,6980
Georgia,2011,7550
Georgia,2012,8080
Georgia,2013,8380
Georgia,2014,8770
Georgia,2015,9010
Georgia,2016,9260
Germany,2006,39100
Germany,2007,40500
Germany,2008,41000
Germany,2009,38800
Germany,2010,40400
Germany,2011,42700
Germany,2012,42800
Germany,2013,42900
Germany,2014,43700
Germany,2015,44000
Germany,2016,44700
Ghana,2006,2600
Ghana,2007,2650
Ghana,2008,2810
Ghana,2009,2880
Ghana,2010,3030
Ghana,2011,3370
Ghana,2012,3600
Ghana,2013,3770
Ghana,2014,3790
Ghana,2015,3790
Ghana,2016,3830
Greece,2006,31100
Greece,2007,32100
Greece,2008,31900
Greece,2009,30400
Greece,2010,28700
Greece,2011,26100
Greece,2012,24400
Greece,2013,23700
Greece,2014,24100
Greece,2015,24100
Greece,2016,24200
Grenada,2006,11200
Grenada,2007,11900
Grenada,2008,11900
Grenada,2009,11100
Grenada,2010,11000
Grenada,2011,11000
Grenada,2012,10800
Grenada,2013,11000
Grenada,2014,11800
Grenada,2015,12400
Grenada,2016,12800
Guatemala,2006,6460
Guatemala,2007,6710
Guatemala,2008,6780
Guatemala,2009,6670
Guatemala,2010,6710
Guatemala,2011,6850
Guatemala,2012,6900
Guatemala,2013,7010
Guatemala,2014,7150
Guatemala,2015,7290
Guatemala,2016,7370
Guinea,2006,1580
Guinea,2007,1650
Guinea,2008,1680
Guinea,2009,1630
Guinea,2010,1670
Guinea,2011,1720
Guinea,2012,1780
Guinea,2013,1810
Guinea,2014,1840
Guinea,2015,1860
Guinea,2016,2010
Guinea-Bissau,2006,1370
Guinea-Bissau,2007,1380
Guinea-Bissau,2008,1390
Guinea-Bissau,2009,1400
Guinea-Bissau,2010,1430
Guinea-Bissau,2011,1510
Guinea-Bissau,2012,1440
Guinea-Bissau,2013,1450
Guinea-Bissau,2014,1430
Guinea-Bissau,2015,1470
Guinea-Bissau,2016,1530
Guyana,2006,4970
Guyana,2007,5320
Guyana,2008,5420
Guyana,2009,5610
Guyana,2010,5830
Guyana,2011,6110
Guyana,2012,6400
Guyana,2013,6690
Guyana,2014,6910
Guyana,2015,7090
Guyana,2016,7290
Haiti,2006,1580
Haiti,2007,1610
Haiti,2008,1600
Haiti,2009,1620
Haiti,2010,1510
Haiti,2011,1570
Haiti,2012,1590
Haiti,2013,1630
Haiti,2014,1660
Haiti,2015,1650
Haiti,2016,1660
Honduras,2006,3810
Honduras,2007,3950
Honduras,2008,4030
Honduras,2009,3850
Honduras,2010,3910
Honduras,2011,3980
Honduras,2012,4070
Honduras,2013,4110
Honduras,2014,4160
Honduras,2015,4250
Honduras,2016,4340
Hungary,2006,23400
Hungary,2007,23500
Hungary,2008,23700
Hungary,2009,22200
Hungary,2010,22400
Hungary,2011,22800
Hungary,2012,22600
Hungary,2013,23100
Hungary,2014,24200
Hungary,2015,25100
Hungary,2016,25700
Iceland,2006,41800
Iceland,2007,44600
Iceland,2008,44700
Iceland,2009,41500
Iceland,2010,40100
Iceland,2011,40800
Iceland,2012,41100
Iceland,2013,42400
Iceland,2014,42800
Iceland,2015,44200
Iceland,2016,46800
India,2006,3630
India,2007,3850
India,2008,3910
India,2009,4160
India,2010,4450
India,2011,4630
India,2012,4820
India,2013,5070
India,2014,5380
India,2015,5740
India,2016,6150
Indonesia,2006,7120
Indonesia,2007,7470
Indonesia,2008,7820
Indonesia,2009,8070
Indonesia,2010,8460
Indonesia,2011,8860
Indonesia,2012,9270
Indonesia,2013,9650
Indonesia,2014,10000
Indonesia,2015,10400
Indonesia,2016,10700
Iran,2006,16400
Iran,2007,17500
Iran,2008,17400
Iran,2009,17300
Iran,2010,18100
Iran,2011,18400
Iran,2012,16800
Iran,2013,16600
Iran,2014,17100
Iran,2015,16700
Iran,2016,18700
Iraq,2006,11800
Iraq,2007,11800
Iraq,2008,12500
Iraq,2009,12700
Iraq,2010,13200
Iraq,2011,13700
Iraq,2012,15000
Iraq,2013,15600
Iraq,2014,15100
Iraq,2015,15000
Iraq,2016,16500
Ireland,2006,47600
Ireland,2007,48700
Ireland,2008,45700
Ireland,2009,42900
Ireland,2010,43500
Ireland,2011,44900
Ireland,2012,44800
Ireland,2013,45200
Ireland,2014,48800
Ireland,2015,60500
Ireland,2016,62800
Israel,2006,27600
Israel,2007,28700
Israel,2008,29000
Israel,2009,28600
Israel,2010,29700
Israel,2011,30600
Israel,2012,30600
Israel,2013,31300
Israel,2014,31900
Israel,2015,32100
Israel,2016,32700
Italy,2006,38200
Italy,2007,38600
Italy,2008,38000
Italy,2009,35700
Italy,2010,36200
Italy,2011,36300
Italy,2012,35200
Italy,2013,34200
Italy,2014,33900
Italy,2015,34300
Italy,2016,34700
Jamaica,2006,8630
Jamaica,2007,8710
Jamaica,2008,8590
Jamaica,2009,8180
Jamaica,2010,8020
Jamaica,2011,8110
Jamaica,2012,8020
Jamaica,2013,8010
Jamaica,2014,8020
Jamaica,2015,8050
Jamaica,2016,8120
Japan,2006,36100
Japan,2007,36700
Japan,2008,36300
Japan,2009,34300
Japan,2010,35800
Japan,2011,35800
Japan,2012,36400
Japan,2013,37100
Japan,2014,37300
Japan,2015,37800
Japan,2016,38100
Jordan,2006,9090
Jordan,2007,9420
Jordan,2008,9630
Jordan,2009,9660
Jordan,2010,9390
Jordan,2011,9120
Jordan,2012,8870
Jordan,2013,8660
Jordan,2014,8530
Jordan,2015,8410
Jordan,2016,8320
Kazakhstan,2006,17500
Kazakhstan,2007,18900
Kazakhstan,2008,19300
Kazakhstan,2009,19000
Kazakhstan,2010,20100
Kazakhstan,2011,21300
Kazakhstan,2012,22000
Kazakhstan,2013,23000
Kazakhstan,2014,23600
Kazakhstan,2015,23500
Kazakhstan,2016,23400
Kenya,2006,2270
Kenya,2007,2360
Kenya,2008,2300
Kenya,2009,2310
Kenya,2010,2440
Kenya,2011,2520
Kenya,2012,2560
Kenya,2013,2640
Kenya,2014,2710
Kenya,2015,2800
Kenya,2016,2890
Kiribati,2006,1920
Kiribati,2007,1910
Kiribati,2008,1830
Kiribati,2009,1800
Kiribati,2010,1750
Kiribati,2011,1750
Kiribati,2012,1800
Kiribati,2013,1850
Kiribati,2014,1820
Kiribati,2015,1980
Kiribati,2016,2050
Kuwait,2006,96400
Kuwait,2007,96800
Kuwait,2008,93600
Kuwait,2009,81900
Kuwait,2010,75400
Kuwait,2011,78000
Kuwait,2012,78700
Kuwait,2013,75600
Kuwait,2014,72600
Kuwait,2015,70300
Kuwait,2016,70100
Kyrgyz Republic,2006,2420
Kyrgyz Republic,2007,2600
Kyrgyz Republic,2008,2790
Kyrgyz Republic,2009,2840
Kyrgyz Republic,2010,2790
Kyrgyz Republic,2011,2920
Kyrgyz Republic,2012,2870
Kyrgyz Republic,2013,3120
Kyrgyz Republic,2014,3180
Kyrgyz Republic,2015,3230
Kyrgyz Republic,2016,3310
Lao,2006,3330
Lao,2007,3520
Lao,2008,3740
Lao,2009,3950
Lao,2010,4220
Lao,2011,4490
Lao,2012,4770
Lao,2013,5080
Lao,2014,5390
Lao,2015,5690
Lao,2016,6000
Latvia,2006,19800
Latvia,2007,21900
Latvia,2008,21400
Latvia,2009,18600
Latvia,2010,18300
Latvia,2011,19800
Latvia,2012,20800
Latvia,2013,21600
Latvia,2014,22200
Latvia,2015,23000
Latvia,2016,23700
Lebanon,2006,10600
Lebanon,2007,11500
Lebanon,2008,12600
Lebanon,2009,13700
Lebanon,2010,14400
Lebanon,2011,13800
Lebanon,2012,13400
Lebanon,2013,12800
Lebanon,2014,12300
Lebanon,2015,11900
Lebanon,2016,11800
Lesotho,2006,2000
Lesotho,2007,2100
Lesotho,2008,2240
Lesotho,2009,2290
Lesotho,2010,2420
Lesotho,2011,2580
Lesotho,2012,2720
Lesotho,2013,2750
Lesotho,2014,2810
Lesotho,2015,2870
Lesotho,2016,2940
Liberia,2006,982
Liberia,2007,1030
Liberia,2008,1060
Liberia,2009,1080
Liberia,2010,1100
Liberia,2011,1150
Liberia,2012,1210
Liberia,2013,1280
Liberia,2014,1260
Liberia,2015,1230
Liberia,2016,1180
Libya,2006,27300
Libya,2007,28600
Libya,2008,29000
Libya,2009,28400
Libya,2010,29500
Libya,2011,11100
Libya,2012,24600
Libya,2013,21100
Libya,2014,16000
Libya,2015,14400
Libya,2016,13900
Lithuania,2006,20200
Lithuania,2007,22700
Lithuania,2008,23600
Lithuania,2009,20300
Lithuania,2010,21100
Lithuania,2011,22900
Lithuania,2012,24000
Lithuania,2013,25100
Lithuania,2014,26300
Lithuania,2015,27000
Lithuania,2016,28000
Luxembourg,2006,91700
Luxembourg,2007,97900
Luxembourg,2008,94900
Luxembourg,2009,89100
Luxembourg,2010,91700
Luxembourg,2011,92000
Luxembourg,2012,89500
Luxembourg,2013,90700
Luxembourg,2014,92300
Luxembourg,2015,93700
Luxembourg,2016,93900
Madagascar,2006,1420
Madagascar,2007,1460
Madagascar,2008,1520
Madagascar,2009,1420
Madagascar,2010,1390
Madagascar,2011,1370
Madagascar,2012,1370
Madagascar,2013,1360
Madagascar,2014,1370
Madagascar,2015,1380
Madagascar,2016,1400
Malawi,2006,884
Malawi,2007,942
Malawi,2008,986
Malawi,2009,1040
Malawi,2010,1080
Malawi,2011,1100
Malawi,2012,1090
Malawi,2013,1110
Malawi,2014,1140
Malawi,2015,1140
Malawi,2016,1140
Malaysia,2006,19200
Malaysia,2007,20000
Malaysia,2008,20600
Malaysia,2009,19900
Malaysia,2010,21000
Malaysia,2011,21800
Malaysia,2012,22700
Malaysia,2013,23400
Malaysia,2014,24500
Malaysia,2015,25400
Malaysia,2016,26100
Maldives,2006,11400
Maldives,2007,12000
Maldives,2008,12800
Maldives,2009,11500
Maldives,2010,12000
Maldives,2011,12500
Maldives,2012,12300
Maldives,2013,12600
Maldives,2014,12900
Maldives,2015,12700
Maldives,2016,13000
Mali,2006,1790
Mali,2007,1790
Mali,2008,1810
Mali,2009,1840
Mali,2010,1880
Mali,2011,1880
Mali,2012,1810
Mali,2013,1800
Mali,2014,1870
Mali,2015,1920
Mali,2016,1970
Malta,2006,26700
Malta,2007,27700
Malta,2008,28400
Malta,2009,27500
Malta,2010,28300
Malta,2011,28600
Malta,2012,29100
Malta,2013,30000
Malta,2014,31900
Malta,2015,34500
Malta,2016,35600
Marshall Islands,2006,3060
Marshall Islands,2007,3160
Marshall Islands,2008,3100
Marshall Islands,2009,3050
Marshall Islands,2010,3240
Marshall Islands,2011,3270
Marshall Islands,2012,3370
Marshall Islands,2013,3450
Marshall Islands,2014,3410
Marshall Islands,2015,3380
Marshall Islands,2016,3430
Mauritania,2006,3570
Mauritania,2007,3570
Mauritania,2008,3500
Mauritania,2009,3370
Mauritania,2010,3430
Mauritania,2011,3480
Mauritania,2012,3580
Mauritania,2013,3690
Mauritania,2014,3780
Mauritania,2015,3720
Mauritania,2016,3690
Mauritius,2006,13400
Mauritius,2007,14100
Mauritius,2008,14900
Mauritius,2009,15300
Mauritius,2010,15900
Mauritius,2011,16600
Mauritius,2012,17100
Mauritius,2013,17600
Mauritius,2014,18300
Mauritius,2015,18900
Mauritius,2016,19600
Mexico,2006,16600
Mexico,2007,16800
Mexico,2008,16700
Mexico,2009,15600
Mexico,2010,16200
Mexico,2011,16500
Mexico,2012,16900
Mexico,2013,16900
Mexico,2014,17200
Mexico,2015,17500
Mexico,2016,17800
"Micronesia, Fed. Sts.",2006,3280
"Micronesia, Fed. Sts.",2007,3240
"Micronesia, Fed. Sts.",2008,3200
"Micronesia, Fed. Sts.",2009,3250
"Micronesia, Fed. Sts.",2010,3320
"Micronesia, Fed. Sts.",2011,3410
"Micronesia, Fed. Sts.",2012,3310
"Micronesia, Fed. Sts.",2013,3140
"Micronesia, Fed. Sts.",2014,3030
"Micronesia, Fed. Sts.",2015,3140
"Micronesia, Fed. Sts.",2016,3120
Moldova,2006,4210
Moldova,2007,4340
Moldova,2008,4690
Moldova,2009,4420
Moldova,2010,4730
Moldova,2011,5010
Moldova,2012,4980
Moldova,2013,5440
Moldova,2014,5710
Moldova,2015,5700
Moldova,2016,5950
Monaco,2006,54600
Monaco,2007,60900
Monaco,2008,59900
Monaco,2009,53700
Monaco,2010,54100
Monaco,2011,58100
Monaco,2012,58100
Monaco,2013,57900
Monaco,2014,58300
Monaco,2015,58800
Monaco,2016,59500
Mongolia,2006,6480
Mongolia,2007,7050
Mongolia,2008,7570
Mongolia,2009,7350
Mongolia,2010,7690
Mongolia,2011,8850
Mongolia,2012,9750
Mongolia,2013,10700
Mongolia,2014,11300
Mongolia,2015,11300
Mongolia,2016,11200
Montenegro,2006,12800
Montenegro,2007,13600
Montenegro,2008,14600
Montenegro,2009,13700
Montenegro,2010,14000
Montenegro,2011,14500
Montenegro,2012,14100
Montenegro,2013,14600
Montenegro,2014,14800
Montenegro,2015,15300
Montenegro,2016,15700
Morocco,2006,5710
Morocco,2007,5850
Morocco,2008,6120
Morocco,2009,6300
Morocco,2010,6460
Morocco,2011,6700
Morocco,2012,6810
Morocco,2013,7020
Morocco,2014,7110
Morocco,2015,7330
Morocco,2016,7310
Mozambique,2006,809
Mozambique,2007,846
Mozambique,2008,879
Mozambique,2009,910
Mozambique,2010,945
Mozambique,2011,984
Mozambique,2012,1030
Mozambique,2013,1070
Mozambique,2014,1120
Mozambique,2015,1160
Mozambique,2016,1170
Myanmar,2006,2530
Myanmar,2007,2820
Myanmar,2008,3080
Myanmar,2009,3390
Myanmar,2010,3690
Myanmar,2011,3870
Myanmar,2012,4110
Myanmar,2013,4420
Myanmar,2014,4740
Myanmar,2015,5030
Myanmar,2016,5290
Namibia,2006,8110
Namibia,2007,8390
Namibia,2008,8460
Namibia,2009,8330
Namibia,2010,8680
Namibia,2011,8960
Namibia,2012,9250
Namibia,2013,9600
Namibia,2014,10000
Namibia,2015,10500
Namibia,2016,10400
Nauru,2006,4030
Nauru,2007,4050
Nauru,2008,5420
Nauru,2009,5860
Nauru,2010,6610
Nauru,2011,7340
Nauru,2012,7910
Nauru,2013,10100
Nauru,2014,12600
Nauru,2015,12300
Nauru,2016,13000
Nepal,2006,1710
Nepal,2007,1750
Nepal,2008,1840
Nepal,2009,1910
Nepal,2010,1990
Nepal,2011,2050
Nepal,2012,2160
Nepal,2013,2250
Nepal,2014,2390
Nepal,2015,2460
Nepal,2016,2450
Netherlands,2006,45300
Netherlands,2007,46900
Netherlands,2008,47700
Netherlands,2009,45700
Netherlands,2010,46100
Netherlands,2011,46600
Netherlands,2012,45900
Netherlands,2013,45800
Netherlands,2014,46200
Netherlands,2015,46900
Netherlands,2016,47700
New Zealand,2006,32400
New Zealand,2007,33100
New Zealand,2008,32500
New Zealand,2009,32100
New Zealand,2010,32200
New Zealand,2011,32700
New Zealand,2012,33300
New Zealand,2013,33900
New Zealand,2014,34600
New Zealand,2015,35200
New Zealand,2016,35700
Nicaragua,2006,3820
Nicaragua,2007,3960
Nicaragua,2008,4040
Nicaragua,2009,3850
Nicaragua,2010,3970
Nicaragua,2011,4160
Nicaragua,2012,4380
Nicaragua,2013,4530
Nicaragua,2014,4690
Nicaragua,2015,4850
Nicaragua,2016,5000
Niger,2006,777
Niger,2007,772
Niger,2008,815
Niger,2009,779
Niger,2010,812
Niger,2011,799
Niger,2012,860
Niger,2013,870
Niger,2014,900
Niger,2015,903
Niger,2016,912
Nigeria,2006,4260
Nigeria,2007,4420
Nigeria,2008,4600
Nigeria,2009,4840
Nigeria,2010,5090
Nigeria,2011,5210
Nigeria,2012,5290
Nigeria,2013,5500
Nigeria,2014,5690
Nigeria,2015,5690
Nigeria,2016,5450
North Korea,2006,1750
North Korea,2007,1710
North Korea,2008,1760
North Korea,2009,1730
North Korea,2010,1710
North Korea,2011,1720
North Korea,2012,1730
North Korea,2013,1740
North Korea,2014,1750
North Korea,2015,1720
North Korea,2016,1720
North Macedonia,2006,9850
North Macedonia,2007,10500
North Macedonia,2008,11000
North Macedonia,2009,11000
North Macedonia,2010,11400
North Macedonia,2011,11600
North Macedonia,2012,11500
North Macedonia,2013,11900
North Macedonia,2014,12300
North Macedonia,2015,12800
North Macedonia,2016,13100
Norway,2006,63900
Norway,2007,65100
Norway,2008,64600
Norway,2009,62700
Norway,2010,62400
Norway,2011,62100
Norway,2012,63000
Norway,2013,62900
Norway,2014,63400
Norway,2015,64000
Norway,2016,64200
Oman,2006,42500
Oman,2007,43100
Oman,2008,45100
Oman,2009,45700
Oman,2010,45300
Oman,2011,41900
Oman,2012,42600
Oman,2013,41300
Oman,2014,39700
Oman,2015,39200
Oman,2016,39200
Pakistan,2006,4000
Pakistan,2007,4100
Pakistan,2008,4070
Pakistan,2009,4100
Pakistan,2010,4070
Pakistan,2011,4100
Pakistan,2012,4150
Pakistan,2013,4240
Pakistan,2014,4350
Pakistan,2015,4460
Pakistan,2016,4610
Palau,2006,13900
Palau,2007,14300
Palau,2008,13900
Palau,2009,13300
Palau,2010,13600
Palau,2011,14500
Palau,2012,15100
Palau,2013,14900
Palau,2014,15500
Palau,2015,17100
Palau,2016,17200
Palestine,2006,3360
Palestine,2007,3500
Palestine,2008,3610
Palestine,2009,3820
Palestine,2010,4020
Palestine,2011,4410
Palestine,2012,4570
Palestine,2013,4560
Palestine,2014,4450
Palestine,2015,4490
Palestine,2016,4600
Panama,2006,12700
Panama,2007,14000
Panama,2008,15100
Panama,2009,15000
Panama,2010,15600
Panama,2011,17100
Panama,2012,18500
Panama,2013,19400
Panama,2014,20000
Panama,2015,20800
Panama,2016,21500
Papua New Guinea,2006,2620
Papua New Guinea,2007,2840
Papua New Guinea,2008,2770
Papua New Guinea,2009,2880
Papua New Guinea,2010,3100
Papua New Guinea,2011,3070
Papua New Guinea,2012,3150
Papua New Guinea,2013,3200
Papua New Guinea,2014,3560
Papua New Guinea,2015,3820
Papua New Guinea,2016,3900
Paraguay,2006,8280
Paraguay,2007,8610
Paraguay,2008,9030
Paraguay,2009,8880
Paraguay,2010,9740
Paraguay,2011,10000
Paraguay,2012,9830
Paraguay,2013,10500
Paraguay,2014,10900
Paraguay,2015,11100
Paraguay,2016,11400
Peru,2006,8020
Peru,2007,8640
Peru,2008,9350
Peru,2009,9380
Peru,2010,10100
Peru,2011,10600
Peru,2012,11200
Peru,2013,11700
Peru,2014,11900
Peru,2015,12100
Peru,2016,12400
Philippines,2006,4940
Philippines,2007,5180
Philippines,2008,5300
Philippines,2009,5270
Philippines,2010,5580
Philippines,2011,5690
Philippines,2012,5970
Philippines,2013,6280
Philippines,2014,6560
Philippines,2015,6850
Philippines,2016,7210
Poland,2006,18300
Poland,2007,19600
Poland,2008,20400
Poland,2009,21000
Poland,2010,21800
Poland,2011,22900
Poland,2012,23200
Poland,2013,23600
Poland,2014,24400
Poland,2015,25300
Poland,2016,26100
Portugal,2006,27000
Portugal,2007,27600
Portugal,2008,27600
Portugal,2009,26700
Portugal,2010,27200
Portugal,2011,26800
Portugal,2012,25800
Portugal,2013,25700
Portugal,2014,26000
Portugal,2015,26600
Portugal,2016,27200
Qatar,2006,117000
Qatar,2007,116000
Qatar,2008,116000
Qatar,2009,113000
Qatar,2010,120000
Qatar,2011,124000
Qatar,2012,120000
Qatar,2013,118000
Qatar,2014,117000
Qatar,2015,116000
Qatar,2016,114000
Romania,2006,15700
Romania,2007,17100
Romania,2008,19000
Romania,2009,18100
Romania,2010,17500
Romania,2011,17900
Romania,2012,18400
Romania,2013,19100
Romania,2014,19800
Romania,2015,20700
Romania,2016,21800
Russia,2006,21000
Russia,2007,22800
Russia,2008,24000
Russia,2009,22100
Russia,2010,23300
Russia,2011,24300
Russia,2012,25200
Russia,2013,25600
Russia,2014,25300
Russia,2015,24500
Russia,2016,24400
Rwanda,2006,1140
Rwanda,2007,1190
Rwanda,2008,1290
Rwanda,2009,1340
Rwanda,2010,1400
Rwanda,2011,1470
Rwanda,2012,1560
Rwanda,2013,1590
Rwanda,2014,1670
Rwanda,2015,1770
Rwanda,2016,1830
Samoa,2006,5410
Samoa,2007,5720
Samoa,2008,5740
Samoa,2009,5420
Samoa,2010,5410
Samoa,2011,5670
Samoa,2012,5650
Samoa,2013,5490
Samoa,2014,5520
Samoa,2015,5570
Samoa,2016,5940
San Marino,2006,85500
San Marino,2007,90500
San Marino,2008,90800
San Marino,2009,78200
San Marino,2010,73600
San Marino,2011,65700
San Marino,2012,59900
San Marino,2013,57300
San Marino,2014,56100
San Marino,2015,55900
San Marino,2016,56700
Sao Tome and Principe,2006,2340
Sao Tome and Principe,2007,2350
Sao Tome and Principe,2008,2470
Sao Tome and Principe,2009,2460
Sao Tome and Principe,2010,2560
Sao Tome and Principe,2011,2610
Sao Tome and Principe,2012,2640
Sao Tome and Principe,2013,2710
Sao Tome and Principe,2014,2840
Sao Tome and Principe,2015,2890
Sao Tome and Principe,2016,2950
Saudi Arabia,2006,45700
Saudi Arabia,2007,45300
Saudi Arabia,2008,46800
Saudi Arabia,2009,44500
Saudi Arabia,2010,45400
Saudi Arabia,2011,48500
Saudi Arabia,2012,49500
Saudi Arabia,2013,49400
Saudi Arabia,2014,49700
Saudi Arabia,2015,50500
Saudi Arabia,2016,50200
Senegal,2006,2680
Senegal,2007,2740
Senegal,2008,2770
Senegal,2009,2760
Senegal,2010,2780
Senegal,2011,2740
Senegal,2012,2800
Senegal,2013,2800
Senegal,2014,2900
Senegal,2015,3000
Senegal,2016,3100
Serbia,2006,11900
Serbia,2007,12800
Serbia,2008,13500
Serbia,2009,13200
Serbia,2010,13400
Serbia,2011,13700
Serbia,2012,13700
Serbia,2013,14200
Serbia,2014,14000
Serbia,2015,14300
Serbia,2016,14900
Seychelles,2006,19100
Seychelles,2007,21000
Seychelles,2008,20100
Seychelles,2009,19800
Seychelles,2010,20400
Seychelles,2011,22600
Seychelles,2012,22600
Seychelles,2013,23500
Seychelles,2014,24200
Seychelles,2015,24900
Seychelles,2016,25600
Sierra Leone,2006,1070
Sierra Leone,2007,1130
Sierra Leone,2008,1160
Sierra Leone,2009,1170
Sierra Leone,2010,1210
Sierra Leone,2011,1260
Sierra Leone,2012,1410
Sierra Leone,2013,1670
Sierra Leone,2014,1710
Sierra Leone,2015,1330
Sierra Leone,2016,1380
Singapore,2006,66200
Singapore,2007,69200
Singapore,2008,66800
Singapore,2009,64900
Singapore,2010,73100
Singapore,2011,76000
Singapore,2012,77500
Singapore,2013,79900
Singapore,2014,82000
Singapore,2015,83300
Singapore,2016,84700
Slovak Republic,2006,21700
Slovak Republic,2007,24100
Slovak Republic,2008,25400
Slovak Republic,2009,24000
Slovak Republic,2010,25200
Slovak Republic,2011,25800
Slovak Republic,2012,26200
Slovak Republic,2013,26600
Slovak Republic,2014,27300
Slovak Republic,2015,28400
Slovak Republic,2016,29200
Slovenia,2006,28400
Slovenia,2007,30200
Slovenia,2008,31100
Slovenia,2009,28500
Slovenia,2010,28700
Slovenia,2011,28800
Slovenia,2012,28000
Slovenia,2013,27600
Slovenia,2014,28400
Slovenia,2015,29000
Slovenia,2016,29900
Solomon Islands,2006,1760
Solomon Islands,2007,1840
Solomon Islands,2008,1930
Solomon Islands,2009,1800
Solomon Islands,2010,1870
Solomon Islands,2011,2070
Solomon Islands,2012,2100
Solomon Islands,2013,2110
Solomon Islands,2014,2100
Solomon Islands,2015,2090
Solomon Islands,2016,2110
Somalia,2006,615
Somalia,2007,615
Somalia,2008,615
Somalia,2009,615
Somalia,2010,614
Somalia,2011,614
Somalia,2012,616
Somalia,2013,619
Somalia,2014,621
Somalia,2015,623
Somalia,2016,625
South Africa,2006,11500
South Africa,2007,11900
South Africa,2008,12100
South Africa,2009,11800
South Africa,2010,12000
South Africa,2011,12200
South Africa,2012,12300
South Africa,2013,12400
South Africa,2014,12400
South Africa,2015,12400
South Africa,2016,12200
South Korea,2006,26700
South Korea,2007,28000
South Korea,2008,28600
South Korea,2009,28600
South Korea,2010,30400
South Korea,2011,31200
South Korea,2012,31800
South Korea,2013,32500
South Korea,2014,33400
South Korea,2015,34200
South Korea,2016,35000
South Sudan,2006,3610
South Sudan,2007,3920
South Sudan,2008,3940
South Sudan,2009,3960
South Sudan,2010,4010
South Sudan,2011,3700
South Sudan,2012,1940
South Sudan,2013,2140
South Sudan,2014,2170
South Sudan,2015,1910
South Sudan,2016,1680
Spain,2006,33700
Spain,2007,34300
Spain,2008,34200
Spain,2009,32700
Spain,2010,32500
Spain,2011,32100
Spain,2012,31100
Spain,2013,30700
Spain,2014,31200
Spain,2015,32400
Spain,2016,33400
Sri Lanka,2006,6910
Sri Lanka,2007,7330
Sri Lanka,2008,7710
Sri Lanka,2009,7930
Sri Lanka,2010,8500
Sri Lanka,2011,9160
Sri Lanka,2012,9980
Sri Lanka,2013,10200
Sri Lanka,2014,10600
Sri Lanka,2015,11100
Sri Lanka,2016,11400
St. Kitts and Nevis,2006,25100
St. Kitts and Nevis,2007,24900
St. Kitts and Nevis,2008,26300
St. Kitts and Nevis,2009,25200
St. Kitts and Nevis,2010,24600
St. Kitts and Nevis,2011,24800
St. Kitts and Nevis,2012,24400
St. Kitts and Nevis,2013,25500
St. Kitts and Nevis,2014,26800
St. Kitts and Nevis,2015,27200
St. Kitts and Nevis,2016,27600
St. Lucia,2006,11600
St. Lucia,2007,11700
St. Lucia,2008,12100
St. Lucia,2009,11800
St. Lucia,2010,11700
St. Lucia,2011,12000
St. Lucia,2012,11900
St. Lucia,2013,11600
St. Lucia,2014,11600
St. Lucia,2015,11600
St. Lucia,2016,12000
St. Vincent and the Grenadines,2006,10000
St. Vincent and the Grenadines,2007,10400
St. Vincent and the Grenadines,2008,10600
St. Vincent and the Grenadines,2009,10400
St. Vincent and the Grenadines,2010,10000
St. Vincent and the Grenadines,2011,9970
St. Vincent and the Grenadines,2012,10100
St. Vincent and the Grenadines,2013,10300
St. Vincent and the Grenadines,2014,10400
St. Vincent and the Grenadines,2015,10500
St. Vincent and the Grenadines,2016,10600
Sudan,2006,2950
Sudan,2007,3190
Sudan,2008,3350
Sudan,2009,3370
Sudan,2010,3400
Sudan,2011,3640
Sudan,2012,4070
Sudan,2013,4150
Sudan,2014,4160
Sudan,2015,4260
Sudan,2016,4360
Suriname,2006,12500
Suriname,2007,13000
Suriname,2008,13300
Suriname,2009,13600
Suriname,2010,14100
Suriname,2011,14800
Suriname,2012,15000
Suriname,2013,15300
Suriname,2014,15200
Suriname,2015,14500
Suriname,2016,13500
Swaziland,2006,7630
Swaziland,2007,7920
Swaziland,2008,7930
Swaziland,2009,8000
Swaziland,2010,8240
Swaziland,2011,8370
Swaziland,2012,8710
Swaziland,2013,9200
Swaziland,2014,9310
Swaziland,2015,9270
Swaziland,2016,9480
Sweden,2006,43000
Sweden,2007,44100
Sweden,2008,43500
Sweden,2009,40900
Sweden,2010,43000
Sweden,2011,43800
Sweden,2012,43400
Sweden,2013,43500
Sweden,2014,44200
Sweden,2015,45700
Sweden,2016,46300
Switzerland,2006,54500
Switzerland,2007,56300
Switzerland,2008,56800
Switzerland,2009,54800
Switzerland,2010,55900
Switzerland,2011,56200
Switzerland,2012,56200
Switzerland,2013,56500
Switzerland,2014,57200
Switzerland,2015,57300
Switzerland,2016,57600
Syria,2006,5750
Syria,2007,5860
Syria,2008,5920
Syria,2009,6120
Syria,2010,6290
Syria,2011,5980
Syria,2012,4830
Syria,2013,4120
Syria,2014,3540
Syria,2015,3050
Syria,2016,3090
Tajikistan,2006,1810
Tajikistan,2007,1910
Tajikistan,2008,2020
Tajikistan,2009,2050
Tajikistan,2010,2140
Tajikistan,2011,2250
Tajikistan,2012,2360
Tajikistan,2013,2480
Tajikistan,2014,2580
Tajikistan,2015,2670
Tajikistan,2016,2790
Tanzania,2006,1980
Tanzania,2007,2050
Tanzania,2008,2110
Tanzania,2009,2160
Tanzania,2010,2230
Tanzania,2011,2330
Tanzania,2012,2360
Tanzania,2013,2450
Tanzania,2014,2540
Tanzania,2015,2610
Tanzania,2016,2710
Thailand,2006,12000
Thailand,2007,12600
Thailand,2008,12800
Thailand,2009,12600
Thailand,2010,13500
Thailand,2011,13500
Thailand,2012,14500
Thailand,2013,14800
Thailand,2014,14900
Thailand,2015,15300
Thailand,2016,15700
Timor-Leste,2006,9020
Timor-Leste,2007,9310
Timor-Leste,2008,10000
Timor-Leste,2009,9280
Timor-Leste,2010,9010
Timor-Leste,2011,9860
Timor-Leste,2012,10200
Timor-Leste,2013,8890
Timor-Leste,2014,6470
Timor-Leste,2015,7660
Timor-Leste,2016,7570
Togo,2006,1160
Togo,2007,1160
Togo,2008,1170
Togo,2009,1200
Togo,2010,1240
Togo,2011,1290
Togo,2012,1340
Togo,2013,1380
Togo,2014,1420
Togo,2015,1470
Togo,2016,1500
Tonga,2006,4880
Tonga,2007,4630
Tonga,2008,4740
Tonga,2009,4820
Tonga,2010,4990
Tonga,2011,5150
Tonga,2012,5240
Tonga,2013,5120
Tonga,2014,5270
Tonga,2015,5480
Tonga,2016,5640
Trinidad and Tobago,2006,29800
Trinidad and Tobago,2007,31100
Trinidad and Tobago,2008,32000
Trinidad and Tobago,2009,30400
Trinidad and Tobago,2010,31300
Trinidad and Tobago,2011,31000
Trinidad and Tobago,2012,31200
Trinidad and Tobago,2013,31600
Trinidad and Tobago,2014,31100
Trinidad and Tobago,2015,31500
Trinidad and Tobago,2016,29300
Tunisia,2006,9180
Tunisia,2007,9690
Tunisia,2008,10000
Tunisia,2009,10200
Tunisia,2010,10400
Tunisia,2011,10100
Tunisia,2012,10400
Tunisia,2013,10600
Tunisia,2014,10800
Tunisia,2015,10900
Tunisia,2016,10900
Turkey,2006,17300
Turkey,2007,17900
Turkey,2008,17800
Turkey,2009,16800
Turkey,2010,18000
Turkey,2011,19700
Turkey,2012,20300
Turkey,2013,21600
Turkey,2014,22300
Turkey,2015,23300
Turkey,2016,23700
Turkmenistan,2006,7130
Turkmenistan,2007,7820
Turkmenistan,2008,8850
Turkmenistan,2009,9250
Turkmenistan,2010,9940
Turkmenistan,2011,11200
Turkmenistan,2012,12200
Turkmenistan,2013,13200
Turkmenistan,2014,14300
Turkmenistan,2015,15000
Turkmenistan,2016,15600
Tuvalu,2006,2910
Tuvalu,2007,3070
Tuvalu,2008,3280
Tuvalu,2009,3100
Tuvalu,2010,2990
Tuvalu,2011,3180
Tuvalu,2012,3030
Tuvalu,2013,3130
Tuvalu,2014,3140
Tuvalu,2015,3390
Tuvalu,2016,3450
Uganda,2006,1350
Uganda,2007,1420
Uganda,2008,1500
Uganda,2009,1550
Uganda,2010,1590
Uganda,2011,1680
Uganda,2012,1690
Uganda,2013,1700
Uganda,2014,1720
Uganda,2015,1750
Uganda,2016,1770
Ukraine,2006,7870
Ukraine,2007,8520
Ukraine,2008,8770
Ukraine,2009,7510
Ukraine,2010,7820
Ukraine,2011,8280
Ukraine,2012,8320
Ukraine,2013,8340
Ukraine,2014,8240
Ukraine,2015,7470
Ukraine,2016,7680
United Arab Emirates,2006,87100
United Arab Emirates,2007,77200
United Arab Emirates,2008,69400
United Arab Emirates,2009,58800
United Arab Emirates,2010,55400
United Arab Emirates,2011,56600
United Arab Emirates,2012,57900
United Arab Emirates,2013,60400
United Arab Emirates,2014,62900
United Arab Emirates,2015,65800
United Arab Emirates,2016,67000
United Kingdom,2006,37800
United Kingdom,2007,38500
United Kingdom,2008,38100
United Kingdom,2009,36200
United Kingdom,2010,36500
United Kingdom,2011,36800
United Kingdom,2012,37100
United Kingdom,2013,37600
United Kingdom,2014,38400
United Kingdom,2015,39000
United Kingdom,2016,39400
United States,2006,50400
United States,2007,50900
United States,2008,50400
United States,2009,48600
United States,2010,49500
United States,2011,49900
United States,2012,50600
United States,2013,51200
United States,2014,52100
United States,2015,53200
United States,2016,53600
Uruguay,2006,13500
Uruguay,2007,14400
Uruguay,2008,15400
Uruguay,2009,16000
Uruguay,2010,17200
Uruguay,2011,18000
Uruguay,2012,18600
Uruguay,2013,19400
Uruguay,2014,19900
Uruguay,2015,19900
Uruguay,2016,20200
Uzbekistan,2006,3270
Uzbekistan,2007,3530
Uzbekistan,2008,3790
Uzbekistan,2009,4020
Uzbekistan,2010,4240
Uzbekistan,2011,4470
Uzbekistan,2012,4770
Uzbekistan,2013,5070
Uzbekistan,2014,5340
Uzbekistan,2015,5640
Uzbekistan,2016,5880
Vanuatu,2006,2760
Vanuatu,2007,2840
Vanuatu,2008,2950
Vanuatu,2009,2980
Vanuatu,2010,2950
Vanuatu,2011,2910
Vanuatu,2012,2880
Vanuatu,2013,2850
Vanuatu,2014,2840
Vanuatu,2015,2740
Vanuatu,2016,2780
Venezuela,2006,16400
Venezuela,2007,17600
Venezuela,2008,18200
Venezuela,2009,17400
Venezuela,2010,16900
Venezuela,2011,17300
Venezuela,2012,18000
Venezuela,2013,18000
Venezuela,2014,17100
Venezuela,2015,15600
Venezuela,2016,15200
Vietnam,2006,3630
Vietnam,2007,3850
Vietnam,2008,4030
Vietnam,2009,4210
Vietnam,2010,4430
Vietnam,2011,4660
Vietnam,2012,4860
Vietnam,2013,5070
Vietnam,2014,5310
Vietnam,2015,5610
Vietnam,2016,5900
Yemen,2006,4270
Yemen,2007,4290
Yemen,2008,4320
Yemen,2009,4360
Yemen,2010,4570
Yemen,2011,3880
Yemen,2012,3860
Yemen,2013,3940
Yemen,2014,3830
Yemen,2015,3110
Yemen,2016,2620
Zambia,2006,2650
Zambia,2007,2800
Zambia,2008,2930
Zambia,2009,3120
Zambia,2010,3340
Zambia,2011,3420
Zambia,2012,3570
Zambia,2013,3630
Zambia,2014,3690
Zambia,2015,3680
Zambia,2016,3700
Zimbabwe,2006,1890
Zimbabwe,2007,1810
Zimbabwe,2008,1480
Zimbabwe,2009,1630
Zimbabwe,2010,1930
Zimbabwe,2011,2170
Zimbabwe,2012,2490
Zimbabwe,2013,2490
Zimbabwe,2014,2510
Zimbabwe,2015,2510
Zimbabwe,2016,2490
