country,year,invest_%_gdp
Afghanistan,2006,23.4
Afghanistan,2007,19.9
Afghanistan,2008,18.9
Afghanistan,2009,17.9
Afghanistan,2010,17.9
Afghanistan,2011,16.6
Afghanistan,2012,16.8
Afghanistan,2013,17.2
Afghanistan,2014,18.1
Afghanistan,2015,19.4
Afghanistan,2016,17.7
Albania,2006,39.0
Albania,2007,38.7
Albania,2008,35.8
Albania,2009,34.6
Albania,2010,30.3
Albania,2011,31.4
Albania,2012,28.3
Albania,2013,28.4
Albania,2014,24.6
Albania,2015,24.4
Albania,2016,24.8
Algeria,2006,30.2
Algeria,2007,34.5
Algeria,2008,37.3
Algeria,2009,46.9
Algeria,2010,41.4
Algeria,2011,38.1
Algeria,2012,39.2
Algeria,2013,43.4
Algeria,2014,45.6
Algeria,2015,50.7
Algeria,2016,50.7
Angola,2006,15.4
Angola,2007,13.5
Angola,2008,16.2
Angola,2009,15.2
Angola,2010,14.4
Angola,2011,12.9
Angola,2012,15.1
Angola,2013,14.7
Angola,2014,15.3
Angola,2015,9.55
Angola,2016,8.4
Argentina,2006,18.7
Argentina,2007,20.1
Argentina,2008,19.6
Argentina,2009,16.1
Argentina,2010,17.7
Argentina,2011,18.4
Argentina,2012,16.5
Argentina,2013,17.3
Argentina,2014,17.3
Argentina,2015,17.1
Argentina,2016,17.0
Armenia,2006,35.9
Armenia,2007,37.8
Armenia,2008,40.9
Armenia,2009,34.7
Armenia,2010,32.9
Armenia,2011,27.3
Armenia,2012,25.3
Armenia,2013,22.3
Armenia,2014,20.9
Armenia,2015,20.7
Armenia,2016,18.0
Australia,2006,27.6
Australia,2007,27.5
Australia,2008,28.6
Australia,2009,27.3
Australia,2010,26.8
Australia,2011,26.4
Australia,2012,27.6
Australia,2013,27.8
Australia,2014,26.7
Australia,2015,26.1
Australia,2016,25.3
Austria,2006,23.6
Austria,2007,24.6
Austria,2008,24.5
Austria,2009,22.8
Austria,2010,22.6
Austria,2011,24.1
Austria,2012,24.0
Austria,2013,23.7
Austria,2014,23.5
Austria,2015,23.6
Austria,2016,24.1
Azerbaijan,2006,29.9
Azerbaijan,2007,21.5
Azerbaijan,2008,18.7
Azerbaijan,2009,18.9
Azerbaijan,2010,18.1
Azerbaijan,2011,20.3
Azerbaijan,2012,21.7
Azerbaijan,2013,24.5
Azerbaijan,2014,25.7
Azerbaijan,2015,27.9
Azerbaijan,2016,24.9
Bahamas,2006,33.5
Bahamas,2007,30.5
Bahamas,2008,29.4
Bahamas,2009,28.0
Bahamas,2010,28.0
Bahamas,2011,30.1
Bahamas,2012,31.3
Bahamas,2013,28.7
Bahamas,2014,32.2
Bahamas,2015,24.7
Bahamas,2016,24.7
Bahrain,2006,30.4
Bahrain,2007,34.7
Bahrain,2008,35.2
Bahrain,2009,26.1
Bahrain,2010,27.3
Bahrain,2011,22.4
Bahrain,2012,28.1
Bahrain,2013,25.9
Bahrain,2014,26.8
Bahrain,2015,26.5
Bahrain,2016,29.6
Bangladesh,2006,26.1
Bangladesh,2007,26.2
Bangladesh,2008,26.2
Bangladesh,2009,26.2
Bangladesh,2010,26.2
Bangladesh,2011,27.4
Bangladesh,2012,28.3
Bangladesh,2013,28.4
Bangladesh,2014,28.6
Bangladesh,2015,28.9
Bangladesh,2016,29.7
Barbados,2006,21.1
Barbados,2007,19.6
Barbados,2008,19.1
Barbados,2009,17.1
Barbados,2010,16.0
Barbados,2011,17.0
Barbados,2012,15.9
Barbados,2013,16.7
Barbados,2014,16.7
Barbados,2015,17.3
Barbados,2016,17.1
Belarus,2006,32.2
Belarus,2007,34.1
Belarus,2008,37.6
Belarus,2009,37.3
Belarus,2010,40.7
Belarus,2011,37.2
Belarus,2012,35.1
Belarus,2013,38.8
Belarus,2014,34.8
Belarus,2015,29.0
Belarus,2016,26.5
Belgium,2006,23.9
Belgium,2007,24.4
Belgium,2008,25.7
Belgium,2009,21.7
Belgium,2010,22.7
Belgium,2011,24.0
Belgium,2012,23.2
Belgium,2013,22.2
Belgium,2014,23.3
Belgium,2015,23.6
Belgium,2016,24.0
Belize,2006,19.3
Belize,2007,19.6
Belize,2008,25.6
Belize,2009,19.1
Belize,2010,13.2
Belize,2011,17.0
Belize,2012,16.0
Belize,2013,18.3
Belize,2014,21.3
Belize,2015,22.5
Belize,2016,22.1
Benin,2006,19.0
Benin,2007,24.1
Benin,2008,20.4
Benin,2009,21.9
Benin,2010,23.1
Benin,2011,24.1
Benin,2012,22.6
Benin,2013,27.8
Benin,2014,28.6
Benin,2015,26.0
Benin,2016,24.6
Bhutan,2006,46.5
Bhutan,2007,29.3
Bhutan,2008,42.9
Bhutan,2009,45.7
Bhutan,2010,61.7
Bhutan,2011,67.7
Bhutan,2012,67.9
Bhutan,2013,46.0
Bhutan,2014,51.7
Bhutan,2015,54.0
Bhutan,2016,55.6
Bolivia,2006,13.9
Bolivia,2007,15.2
Bolivia,2008,17.6
Bolivia,2009,17.0
Bolivia,2010,17.0
Bolivia,2011,19.8
Bolivia,2012,17.7
Bolivia,2013,19.0
Bolivia,2014,21.0
Bolivia,2015,20.3
Bolivia,2016,21.1
Bosnia and Herzegovina,2006,21.6
Bosnia and Herzegovina,2007,25.4
Bosnia and Herzegovina,2008,27.1
Bosnia and Herzegovina,2009,19.8
Bosnia and Herzegovina,2010,16.3
Bosnia and Herzegovina,2011,18.7
Bosnia and Herzegovina,2012,19.2
Bosnia and Herzegovina,2013,18.2
Bosnia and Herzegovina,2014,19.1
Bosnia and Herzegovina,2015,18.7
Bosnia and Herzegovina,2016,19.6
Botswana,2006,25.9
Botswana,2007,30.8
Botswana,2008,36.2
Botswana,2009,38.9
Botswana,2010,41.4
Botswana,2011,37.8
Botswana,2012,38.1
Botswana,2013,29.4
Botswana,2014,27.9
Botswana,2015,32.1
Botswana,2016,24.3
Brazil,2006,17.8
Brazil,2007,19.8
Brazil,2008,21.6
Brazil,2009,18.8
Brazil,2010,21.8
Brazil,2011,21.8
Brazil,2012,21.4
Brazil,2013,21.7
Brazil,2014,20.5
Brazil,2015,17.4
Brazil,2016,15.4
Brunei,2006,10.4
Brunei,2007,13.0
Brunei,2008,13.7
Brunei,2009,17.6
Brunei,2010,23.7
Brunei,2011,26.0
Brunei,2012,32.9
Brunei,2013,39.6
Brunei,2014,27.4
Brunei,2015,35.2
Brunei,2016,34.6
Bulgaria,2006,32.3
Bulgaria,2007,33.6
Bulgaria,2008,37.0
Bulgaria,2009,28.6
Bulgaria,2010,22.6
Bulgaria,2011,21.5
Bulgaria,2012,21.9
Bulgaria,2013,21.3
Bulgaria,2014,21.4
Bulgaria,2015,21.2
Bulgaria,2016,19.1
Burkina Faso,2006,20.7
Burkina Faso,2007,22.2
Burkina Faso,2008,25.4
Burkina Faso,2009,24.9
Burkina Faso,2010,26.9
Burkina Faso,2011,28.0
Burkina Faso,2012,32.5
Burkina Faso,2013,32.5
Burkina Faso,2014,25.9
Burkina Faso,2015,24.3
Burkina Faso,2016,23.2
Burundi,2006,22.0
Burundi,2007,23.6
Burundi,2008,26.7
Burundi,2009,23.2
Burundi,2010,30.5
Burundi,2011,27.6
Burundi,2012,28.4
Burundi,2013,28.7
Burundi,2014,27.8
Burundi,2015,16.6
Burundi,2016,16.9
Cambodia,2006,22.5
Cambodia,2007,21.2
Cambodia,2008,18.6
Cambodia,2009,21.4
Cambodia,2010,17.4
Cambodia,2011,17.1
Cambodia,2012,18.5
Cambodia,2013,20.0
Cambodia,2014,22.1
Cambodia,2015,22.5
Cambodia,2016,22.7
Cameroon,2006,20.9
Cameroon,2007,20.8
Cameroon,2008,24.1
Cameroon,2009,23.7
Cameroon,2010,23.2
Cameroon,2011,24.1
Cameroon,2012,22.8
Cameroon,2013,23.1
Cameroon,2014,24.1
Cameroon,2015,22.4
Cameroon,2016,22.2
Canada,2006,23.7
Canada,2007,24.0
Canada,2008,24.1
Canada,2009,22.0
Canada,2010,23.5
Canada,2011,24.2
Canada,2012,24.9
Canada,2013,25.0
Canada,2014,24.9
Canada,2015,24.1
Canada,2016,23.2
Cape Verde,2006,
Cape Verde,2007,49.8
Cape Verde,2008,48.5
Cape Verde,2009,43.8
Cape Verde,2010,47.6
Cape Verde,2011,47.5
Cape Verde,2012,37.2
Cape Verde,2013,31.6
Cape Verde,2014,37.0
Cape Verde,2015,30.2
Cape Verde,2016,36.1
Central African Republic,2006,10.2
Central African Republic,2007,10.7
Central African Republic,2008,12.7
Central African Republic,2009,13.2
Central African Republic,2010,14.3
Central African Republic,2011,15.0
Central African Republic,2012,14.8
Central African Republic,2013,8.69
Central African Republic,2014,10.2
Central African Republic,2015,13.9
Central African Republic,2016,13.6
Chad,2006,22.2
Chad,2007,22.3
Chad,2008,21.9
Chad,2009,30.2
Chad,2010,34.5
Chad,2011,28.5
Chad,2012,31.1
Chad,2013,29.3
Chad,2014,33.8
Chad,2015,28.4
Chad,2016,26.2
Chile,2006,20.8
Chile,2007,20.8
Chile,2008,26.8
Chile,2009,21.1
Chile,2010,23.1
Chile,2011,24.6
Chile,2012,26.4
Chile,2013,25.6
Chile,2014,23.2
Chile,2015,23.8
Chile,2016,22.2
China,2006,40.9
China,2007,41.5
China,2008,43.3
China,2009,46.4
China,2010,47.6
China,2011,47.7
China,2012,47.2
China,2013,47.4
China,2014,47.0
China,2015,45.4
China,2016,44.3
Colombia,2006,22.4
Colombia,2007,23.0
Colombia,2008,23.5
Colombia,2009,22.4
Colombia,2010,22.1
Colombia,2011,23.9
Colombia,2012,23.9
Colombia,2013,24.3
Colombia,2014,26.3
Colombia,2015,26.7
Colombia,2016,24.7
Comoros,2006,11.3
Comoros,2007,11.1
Comoros,2008,19.8
Comoros,2009,16.8
Comoros,2010,14.7
Comoros,2011,15.6
Comoros,2012,17.7
Comoros,2013,21.8
Comoros,2014,27.4
Comoros,2015,18.4
Comoros,2016,20.9
"Congo, Dem. Rep.",2006,14.6
"Congo, Dem. Rep.",2007,13.7
"Congo, Dem. Rep.",2008,10.9
"Congo, Dem. Rep.",2009,14.6
"Congo, Dem. Rep.",2010,28.8
"Congo, Dem. Rep.",2011,24.9
"Congo, Dem. Rep.",2012,14.3
"Congo, Dem. Rep.",2013,21.8
"Congo, Dem. Rep.",2014,23.2
"Congo, Dem. Rep.",2015,19.6
"Congo, Dem. Rep.",2016,17.4
"Congo, Rep.",2006,21.6
"Congo, Rep.",2007,21.8
"Congo, Rep.",2008,18.3
"Congo, Rep.",2009,22.5
"Congo, Rep.",2010,20.5
"Congo, Rep.",2011,25.3
"Congo, Rep.",2012,26.0
"Congo, Rep.",2013,30.9
"Congo, Rep.",2014,41.3
"Congo, Rep.",2015,40.9
"Congo, Rep.",2016,50.4
Costa Rica,2006,21.2
Costa Rica,2007,23.5
Costa Rica,2008,24.9
Costa Rica,2009,18.4
Costa Rica,2010,19.7
Costa Rica,2011,19.9
Costa Rica,2012,20.5
Costa Rica,2013,19.0
Costa Rica,2014,18.8
Costa Rica,2015,18.4
Costa Rica,2016,17.9
Cote d'Ivoire,2006,10.6
Cote d'Ivoire,2007,12.7
Cote d'Ivoire,2008,12.1
Cote d'Ivoire,2009,8.7
Cote d'Ivoire,2010,13.4
Cote d'Ivoire,2011,4.7
Cote d'Ivoire,2012,15.1
Cote d'Ivoire,2013,20.7
Cote d'Ivoire,2014,19.8
Cote d'Ivoire,2015,20.1
Cote d'Ivoire,2016,20.7
Croatia,2006,29.8
Croatia,2007,29.7
Croatia,2008,31.4
Croatia,2009,25.0
Croatia,2010,21.4
Croatia,2011,20.6
Croatia,2012,19.2
Croatia,2013,19.3
Croatia,2014,18.8
Croatia,2015,20.0
Croatia,2016,20.2
Cuba,2006,11.7
Cuba,2007,10.2
Cuba,2008,14.8
Cuba,2009,10.9
Cuba,2010,10.1
Cuba,2011,8.47
Cuba,2012,8.58
Cuba,2013,9.39
Cuba,2014,7.61
Cuba,2015,9.37
Cuba,2016,
Cyprus,2006,24.6
Cyprus,2007,24.4
Cyprus,2008,28.9
Cyprus,2009,22.9
Cyprus,2010,23.8
Cyprus,2011,18.8
Cyprus,2012,16.1
Cyprus,2013,13.2
Cyprus,2014,12.3
Cyprus,2015,14.2
Cyprus,2016,16.8
Czech Republic,2006,30.0
Czech Republic,2007,32.1
Czech Republic,2008,31.1
Czech Republic,2009,26.5
Czech Republic,2010,27.1
Czech Republic,2011,27.0
Czech Republic,2012,26.2
Czech Republic,2013,24.7
Czech Republic,2014,25.9
Czech Republic,2015,28.0
Czech Republic,2016,26.3
Denmark,2006,24.3
Denmark,2007,25.3
Denmark,2008,24.0
Denmark,2009,19.1
Denmark,2010,18.1
Denmark,2011,19.1
Denmark,2012,19.5
Denmark,2013,19.7
Denmark,2014,20.1
Denmark,2015,20.0
Denmark,2016,21.0
Djibouti,2006,
Djibouti,2007,
Djibouti,2008,
Djibouti,2009,
Djibouti,2010,
Djibouti,2011,
Djibouti,2012,
Djibouti,2013,29.8
Djibouti,2014,33.8
Djibouti,2015,44.7
Djibouti,2016,28.8
Dominican Republic,2006,26.9
Dominican Republic,2007,28.4
Dominican Republic,2008,30.0
Dominican Republic,2009,23.6
Dominican Republic,2010,26.4
Dominican Republic,2011,25.0
Dominican Republic,2012,24.3
Dominican Republic,2013,22.7
Dominican Republic,2014,23.0
Dominican Republic,2015,22.6
Dominican Republic,2016,21.9
Ecuador,2006,22.5
Ecuador,2007,22.7
Ecuador,2008,26.4
Ecuador,2009,25.6
Ecuador,2010,28.0
Ecuador,2011,28.1
Ecuador,2012,27.8
Ecuador,2013,28.5
Ecuador,2014,28.3
Ecuador,2015,26.9
Ecuador,2016,25.2
Egypt,2006,18.7
Egypt,2007,20.9
Egypt,2008,22.4
Egypt,2009,19.2
Egypt,2010,19.5
Egypt,2011,17.1
Egypt,2012,16.0
Egypt,2013,14.2
Egypt,2014,13.6
Egypt,2015,14.3
Egypt,2016,15.0
El Salvador,2006,20.1
El Salvador,2007,20.8
El Salvador,2008,20.2
El Salvador,2009,14.1
El Salvador,2010,16.7
El Salvador,2011,17.8
El Salvador,2012,17.8
El Salvador,2013,17.2
El Salvador,2014,16.4
El Salvador,2015,15.6
El Salvador,2016,15.1
Equatorial Guinea,2006,26.5
Equatorial Guinea,2007,29.6
Equatorial Guinea,2008,27.5
Equatorial Guinea,2009,39.4
Equatorial Guinea,2010,38.1
Equatorial Guinea,2011,32.0
Equatorial Guinea,2012,41.1
Equatorial Guinea,2013,30.3
Equatorial Guinea,2014,28.7
Equatorial Guinea,2015,24.7
Equatorial Guinea,2016,16.6
Eritrea,2006,13.7
Eritrea,2007,12.7
Eritrea,2008,12.7
Eritrea,2009,9.26
Eritrea,2010,9.3
Eritrea,2011,10.0
Eritrea,2012,
Eritrea,2013,
Eritrea,2014,
Eritrea,2015,
Eritrea,2016,
Estonia,2006,39.3
Estonia,2007,39.3
Estonia,2008,30.7
Estonia,2009,20.7
Estonia,2010,21.3
Estonia,2011,25.1
Estonia,2012,29.1
Estonia,2013,26.9
Estonia,2014,27.1
Estonia,2015,24.9
Estonia,2016,24.2
Ethiopia,2006,0.0
Ethiopia,2007,0.0
Ethiopia,2008,0.0
Ethiopia,2009,0.0
Ethiopia,2010,0.0
Ethiopia,2011,32.1
Ethiopia,2012,37.1
Ethiopia,2013,34.1
Ethiopia,2014,38.0
Ethiopia,2015,40.7
Ethiopia,2016,38.0
Fiji,2006,22.5
Fiji,2007,21.1
Fiji,2008,24.9
Fiji,2009,
Fiji,2010,
Fiji,2011,21.0
Fiji,2012,17.3
Fiji,2013,27.6
Fiji,2014,19.0
Fiji,2015,17.9
Fiji,2016,20.0
Finland,2006,24.0
Finland,2007,25.5
Finland,2008,25.1
Finland,2009,21.2
Finland,2010,21.6
Finland,2011,23.5
Finland,2012,22.5
Finland,2013,21.4
Finland,2014,20.9
Finland,2015,20.9
Finland,2016,21.9
France,2006,23.2
France,2007,24.2
France,2008,24.1
France,2009,21.3
France,2010,21.9
France,2011,23.2
France,2012,22.6
France,2013,22.3
France,2014,22.7
France,2015,22.7
France,2016,22.7
Gabon,2006,24.0
Gabon,2007,24.9
Gabon,2008,25.1
Gabon,2009,28.0
Gabon,2010,29.7
Gabon,2011,26.6
Gabon,2012,27.0
Gabon,2013,29.2
Gabon,2014,35.1
Gabon,2015,29.2
Gabon,2016,27.9
Gambia,2006,24.3
Gambia,2007,19.1
Gambia,2008,15.9
Gambia,2009,19.6
Gambia,2010,21.3
Gambia,2011,18.9
Gambia,2012,27.8
Gambia,2013,20.0
Gambia,2014,20.9
Gambia,2015,19.7
Gambia,2016,18.7
Georgia,2006,30.9
Georgia,2007,32.1
Georgia,2008,26.0
Georgia,2009,13.0
Georgia,2010,21.6
Georgia,2011,26.2
Georgia,2012,28.9
Georgia,2013,24.8
Georgia,2014,29.8
Georgia,2015,31.5
Georgia,2016,32.7
Germany,2006,19.8
Germany,2007,20.7
Germany,2008,20.9
Germany,2009,18.1
Germany,2010,19.6
Germany,2011,21.1
Germany,2012,19.3
Germany,2013,19.5
Germany,2014,19.5
Germany,2015,19.1
Germany,2016,19.2
Ghana,2006,23.0
Ghana,2007,15.4
Ghana,2008,16.5
Ghana,2009,16.4
Ghana,2010,13.1
Ghana,2011,12.8
Ghana,2012,17.0
Ghana,2013,13.3
Ghana,2014,18.8
Ghana,2015,16.7
Ghana,2016,14.5
Greece,2006,26.2
Greece,2007,27.1
Greece,2008,24.5
Greece,2009,18.3
Greece,2010,17.0
Greece,2011,15.1
Greece,2012,12.8
Greece,2013,11.6
Greece,2014,11.9
Greece,2015,9.82
Greece,2016,10.6
Guatemala,2006,20.8
Guatemala,2007,20.8
Guatemala,2008,16.4
Guatemala,2009,13.1
Guatemala,2010,13.9
Guatemala,2011,15.2
Guatemala,2012,15.0
Guatemala,2013,14.0
Guatemala,2014,13.7
Guatemala,2015,13.6
Guatemala,2016,12.9
Guinea,2006,24.6
Guinea,2007,23.4
Guinea,2008,26.2
Guinea,2009,21.3
Guinea,2010,20.3
Guinea,2011,24.1
Guinea,2012,26.0
Guinea,2013,23.5
Guinea,2014,23.4
Guinea,2015,23.5
Guinea,2016,51.8
Guinea-Bissau,2006,9.99
Guinea-Bissau,2007,12.5
Guinea-Bissau,2008,12.8
Guinea-Bissau,2009,10.8
Guinea-Bissau,2010,10.8
Guinea-Bissau,2011,9.93
Guinea-Bissau,2012,6.7
Guinea-Bissau,2013,7.22
Guinea-Bissau,2014,11.4
Guinea-Bissau,2015,8.09
Guinea-Bissau,2016,7.82
Guyana,2006,28.4
Guyana,2007,24.7
Guyana,2008,23.9
Guyana,2009,26.2
Guyana,2010,25.2
Guyana,2011,23.9
Guyana,2012,24.8
Guyana,2013,18.6
Guyana,2014,28.7
Guyana,2015,32.3
Guyana,2016,29.6
Haiti,2006,29.4
Haiti,2007,30.5
Haiti,2008,28.8
Haiti,2009,27.5
Haiti,2010,25.4
Haiti,2011,27.9
Haiti,2012,35.6
Haiti,2013,36.7
Haiti,2014,38.2
Haiti,2015,41.1
Haiti,2016,38.7
Honduras,2006,28.3
Honduras,2007,33.7
Honduras,2008,36.1
Honduras,2009,20.6
Honduras,2010,21.9
Honduras,2011,26.0
Honduras,2012,24.6
Honduras,2013,21.8
Honduras,2014,22.2
Honduras,2015,25.1
Honduras,2016,23.3
Hungary,2006,25.7
Hungary,2007,24.2
Hungary,2008,24.7
Hungary,2009,20.3
Hungary,2010,20.7
Hungary,2011,20.5
Hungary,2012,19.5
Hungary,2013,21.0
Hungary,2014,23.3
Hungary,2015,21.8
Hungary,2016,19.8
Iceland,2006,36.0
Iceland,2007,29.8
Iceland,2008,25.8
Iceland,2009,14.8
Iceland,2010,13.8
Iceland,2011,15.4
Iceland,2012,16.0
Iceland,2013,15.4
Iceland,2014,17.3
Iceland,2015,19.1
Iceland,2016,21.5
India,2006,39.7
India,2007,42.5
India,2008,38.2
India,2009,40.7
India,2010,40.7
India,2011,39.6
India,2012,38.3
India,2013,34.0
India,2014,34.3
India,2015,31.8
India,2016,30.3
Indonesia,2006,25.4
Indonesia,2007,24.9
Indonesia,2008,27.8
Indonesia,2009,31.0
Indonesia,2010,32.9
Indonesia,2011,33.0
Indonesia,2012,35.1
Indonesia,2013,33.8
Indonesia,2014,34.6
Indonesia,2015,34.1
Indonesia,2016,33.8
Iran,2006,38.6
Iran,2007,39.7
Iran,2008,41.8
Iran,2009,40.9
Iran,2010,40.3
Iran,2011,36.9
Iran,2012,40.3
Iran,2013,38.7
Iran,2014,39.9
Iran,2015,34.0
Iran,2016,33.2
Iraq,2006,18.9
Iraq,2007,9.34
Iraq,2008,15.2
Iraq,2009,11.3
Iraq,2010,15.9
Iraq,2011,15.5
Iraq,2012,13.4
Iraq,2013,26.9
Iraq,2014,25.7
Iraq,2015,24.4
Iraq,2016,20.6
Ireland,2006,31.9
Ireland,2007,29.2
Ireland,2008,24.6
Ireland,2009,20.2
Ireland,2010,17.3
Ireland,2011,17.2
Ireland,2012,20.2
Ireland,2013,18.8
Ireland,2014,22.4
Ireland,2015,21.2
Ireland,2016,32.7
Israel,2006,20.5
Israel,2007,21.2
Israel,2008,20.0
Israel,2009,18.3
Israel,2010,18.4
Israel,2011,20.4
Israel,2012,21.2
Israel,2013,20.0
Israel,2014,20.2
Israel,2015,19.8
Israel,2016,20.5
Italy,2006,21.9
Italy,2007,22.2
Italy,2008,21.8
Italy,2009,19.4
Italy,2010,20.5
Italy,2011,20.5
Italy,2012,17.9
Italy,2013,17.0
Italy,2014,17.0
Italy,2015,17.3
Italy,2016,17.1
Jamaica,2006,28.4
Jamaica,2007,26.6
Jamaica,2008,24.4
Jamaica,2009,21.1
Jamaica,2010,20.2
Jamaica,2011,21.4
Jamaica,2012,19.9
Jamaica,2013,21.3
Jamaica,2014,22.5
Jamaica,2015,21.3
Jamaica,2016,21.3
Japan,2006,24.7
Japan,2007,24.5
Japan,2008,24.5
Japan,2009,21.3
Japan,2010,21.3
Japan,2011,22.1
Japan,2012,22.7
Japan,2013,23.2
Japan,2014,23.9
Japan,2015,24.0
Japan,2016,23.6
Jordan,2006,28.3
Jordan,2007,30.3
Jordan,2008,29.9
Jordan,2009,26.3
Jordan,2010,24.0
Jordan,2011,25.5
Jordan,2012,26.9
Jordan,2013,28.1
Jordan,2014,28.0
Jordan,2015,24.1
Jordan,2016,22.2
Kazakhstan,2006,33.9
Kazakhstan,2007,35.5
Kazakhstan,2008,27.5
Kazakhstan,2009,29.4
Kazakhstan,2010,25.4
Kazakhstan,2011,23.0
Kazakhstan,2012,25.2
Kazakhstan,2013,24.6
Kazakhstan,2014,25.8
Kazakhstan,2015,27.9
Kazakhstan,2016,27.8
Kenya,2006,18.6
Kenya,2007,20.5
Kenya,2008,19.6
Kenya,2009,19.3
Kenya,2010,20.8
Kenya,2011,21.7
Kenya,2012,21.5
Kenya,2013,20.1
Kenya,2014,22.4
Kenya,2015,21.5
Kenya,2016,17.3
Kiribati,2006,
Kiribati,2007,
Kiribati,2008,
Kiribati,2009,
Kiribati,2010,
Kiribati,2011,
Kiribati,2012,
Kiribati,2013,
Kiribati,2014,
Kiribati,2015,
Kiribati,2016,
Kuwait,2006,16.2
Kuwait,2007,20.5
Kuwait,2008,17.6
Kuwait,2009,18.0
Kuwait,2010,17.7
Kuwait,2011,13.5
Kuwait,2012,12.8
Kuwait,2013,14.4
Kuwait,2014,16.3
Kuwait,2015,25.4
Kuwait,2016,27.0
Kyrgyz Republic,2006,24.2
Kyrgyz Republic,2007,26.6
Kyrgyz Republic,2008,28.9
Kyrgyz Republic,2009,27.3
Kyrgyz Republic,2010,27.4
Kyrgyz Republic,2011,25.5
Kyrgyz Republic,2012,35.0
Kyrgyz Republic,2013,33.9
Kyrgyz Republic,2014,36.8
Kyrgyz Republic,2015,34.7
Kyrgyz Republic,2016,33.9
Lao,2006,30.1
Lao,2007,32.3
Lao,2008,31.7
Lao,2009,33.9
Lao,2010,27.5
Lao,2011,28.1
Lao,2012,32.5
Lao,2013,30.6
Lao,2014,29.8
Lao,2015,31.6
Lao,2016,29.0
Latvia,2006,39.2
Latvia,2007,41.5
Latvia,2008,35.1
Latvia,2009,22.0
Latvia,2010,19.3
Latvia,2011,25.2
Latvia,2012,26.2
Latvia,2013,24.3
Latvia,2014,22.7
Latvia,2015,22.2
Latvia,2016,19.6
Lebanon,2006,20.4
Lebanon,2007,24.1
Lebanon,2008,28.2
Lebanon,2009,27.1
Lebanon,2010,25.2
Lebanon,2011,26.8
Lebanon,2012,24.3
Lebanon,2013,27.7
Lebanon,2014,24.2
Lebanon,2015,21.4
Lebanon,2016,24.8
Lesotho,2006,
Lesotho,2007,22.4
Lesotho,2008,25.7
Lesotho,2009,27.7
Lesotho,2010,28.4
Lesotho,2011,22.7
Lesotho,2012,32.0
Lesotho,2013,29.7
Lesotho,2014,31.4
Lesotho,2015,28.8
Lesotho,2016,28.3
Liberia,2006,19.5
Liberia,2007,19.5
Liberia,2008,19.5
Liberia,2009,19.5
Liberia,2010,19.5
Liberia,2011,19.5
Liberia,2012,19.5
Liberia,2013,19.5
Liberia,2014,19.5
Liberia,2015,20.2
Liberia,2016,20.1
Libya,2006,21.0
Libya,2007,26.1
Libya,2008,29.8
Libya,2009,
Libya,2010,
Libya,2011,
Libya,2012,
Libya,2013,
Libya,2014,
Libya,2015,
Libya,2016,
Lithuania,2006,26.7
Lithuania,2007,32.1
Lithuania,2008,27.9
Lithuania,2009,12.4
Lithuania,2010,18.0
Lithuania,2011,21.7
Lithuania,2012,19.4
Lithuania,2013,19.5
Lithuania,2014,19.0
Lithuania,2015,20.6
Lithuania,2016,17.2
Luxembourg,2006,18.3
Luxembourg,2007,19.2
Luxembourg,2008,20.7
Luxembourg,2009,16.2
Luxembourg,2010,17.9
Luxembourg,2011,19.4
Luxembourg,2012,19.4
Luxembourg,2013,19.0
Luxembourg,2014,18.8
Luxembourg,2015,18.1
Luxembourg,2016,17.9
Madagascar,2006,25.3
Madagascar,2007,29.6
Madagascar,2008,40.3
Madagascar,2009,34.8
Madagascar,2010,20.8
Madagascar,2011,17.6
Madagascar,2012,17.6
Madagascar,2013,15.9
Madagascar,2014,15.6
Madagascar,2015,13.1
Madagascar,2016,14.8
Malawi,2006,20.0
Malawi,2007,23.1
Malawi,2008,23.2
Malawi,2009,24.5
Malawi,2010,22.8
Malawi,2011,12.4
Malawi,2012,12.0
Malawi,2013,12.7
Malawi,2014,12.0
Malawi,2015,12.2
Malawi,2016,10.8
Malaysia,2006,22.7
Malaysia,2007,23.4
Malaysia,2008,21.5
Malaysia,2009,17.8
Malaysia,2010,23.4
Malaysia,2011,23.2
Malaysia,2012,25.7
Malaysia,2013,25.9
Malaysia,2014,25.0
Malaysia,2015,25.1
Malaysia,2016,25.9
Mali,2006,21.2
Mali,2007,23.9
Mali,2008,24.2
Mali,2009,22.0
Mali,2010,24.0
Mali,2011,19.7
Mali,2012,17.2
Mali,2013,17.8
Mali,2014,17.6
Mali,2015,17.4
Mali,2016,17.4
Malta,2006,21.3
Malta,2007,21.0
Malta,2008,21.7
Malta,2009,20.8
Malta,2010,23.6
Malta,2011,19.4
Malta,2012,18.0
Malta,2013,19.0
Malta,2014,17.7
Malta,2015,23.9
Malta,2016,23.1
Marshall Islands,2006,22.7
Marshall Islands,2007,18.5
Marshall Islands,2008,14.4
Marshall Islands,2009,32.1
Marshall Islands,2010,36.7
Marshall Islands,2011,21.7
Marshall Islands,2012,4.35
Marshall Islands,2013,20.9
Marshall Islands,2014,17.2
Marshall Islands,2015,16.0
Marshall Islands,2016,
Mauritania,2006,30.8
Mauritania,2007,31.8
Mauritania,2008,41.7
Mauritania,2009,34.9
Mauritania,2010,39.2
Mauritania,2011,43.4
Mauritania,2012,58.8
Mauritania,2013,56.0
Mauritania,2014,52.2
Mauritania,2015,54.8
Mauritania,2016,47.7
Mauritius,2006,25.6
Mauritius,2007,26.0
Mauritius,2008,25.3
Mauritius,2009,23.8
Mauritius,2010,27.1
Mauritius,2011,23.9
Mauritius,2012,24.4
Mauritius,2013,22.0
Mauritius,2014,19.7
Mauritius,2015,18.1
Mauritius,2016,17.9
Mexico,2006,22.8
Mexico,2007,23.1
Mexico,2008,24.1
Mexico,2009,22.9
Mexico,2010,22.8
Mexico,2011,23.3
Mexico,2012,23.9
Mexico,2013,22.5
Mexico,2014,21.9
Mexico,2015,23.3
Mexico,2016,23.7
"Micronesia, Fed. Sts.",2006,
"Micronesia, Fed. Sts.",2007,
"Micronesia, Fed. Sts.",2008,
"Micronesia, Fed. Sts.",2009,
"Micronesia, Fed. Sts.",2010,
"Micronesia, Fed. Sts.",2011,
"Micronesia, Fed. Sts.",2012,
"Micronesia, Fed. Sts.",2013,
"Micronesia, Fed. Sts.",2014,
"Micronesia, Fed. Sts.",2015,
"Micronesia, Fed. Sts.",2016,
Moldova,2006,32.7
Moldova,2007,38.1
Moldova,2008,39.2
Moldova,2009,23.1
Moldova,2010,23.5
Moldova,2011,24.2
Moldova,2012,23.6
Moldova,2013,24.7
Moldova,2014,26.1
Moldova,2015,22.7
Moldova,2016,22.3
Mongolia,2006,35.9
Mongolia,2007,38.7
Mongolia,2008,43.6
Mongolia,2009,34.4
Mongolia,2010,42.1
Mongolia,2011,58.2
Mongolia,2012,55.9
Mongolia,2013,53.3
Mongolia,2014,35.2
Mongolia,2015,26.4
Mongolia,2016,29.4
Montenegro,2006,23.9
Montenegro,2007,34.8
Montenegro,2008,41.2
Montenegro,2009,26.9
Montenegro,2010,21.8
Montenegro,2011,19.3
Montenegro,2012,20.6
Montenegro,2013,19.6
Montenegro,2014,20.2
Montenegro,2015,20.1
Montenegro,2016,26.1
Morocco,2006,30.9
Morocco,2007,33.9
Morocco,2008,39.1
Morocco,2009,35.0
Morocco,2010,34.1
Morocco,2011,35.8
Morocco,2012,35.0
Morocco,2013,34.7
Morocco,2014,32.2
Morocco,2015,30.2
Morocco,2016,33.1
Mozambique,2006,18.0
Mozambique,2007,15.1
Mozambique,2008,17.3
Mozambique,2009,14.7
Mozambique,2010,18.3
Mozambique,2011,25.7
Mozambique,2012,47.4
Mozambique,2013,54.5
Mozambique,2014,55.4
Mozambique,2015,45.3
Mozambique,2016,38.3
Myanmar,2006,
Myanmar,2007,
Myanmar,2008,15.6
Myanmar,2009,18.9
Myanmar,2010,23.2
Myanmar,2011,29.2
Myanmar,2012,30.9
Myanmar,2013,31.8
Myanmar,2014,35.4
Myanmar,2015,34.9
Myanmar,2016,32.9
Namibia,2006,22.3
Namibia,2007,24.4
Namibia,2008,27.8
Namibia,2009,26.5
Namibia,2010,24.1
Namibia,2011,22.4
Namibia,2012,26.7
Namibia,2013,25.1
Namibia,2014,33.6
Namibia,2015,33.8
Namibia,2016,23.7
Nepal,2006,26.9
Nepal,2007,28.7
Nepal,2008,30.3
Nepal,2009,31.7
Nepal,2010,38.3
Nepal,2011,38.0
Nepal,2012,34.5
Nepal,2013,37.3
Nepal,2014,41.2
Nepal,2015,39.1
Nepal,2016,33.7
Netherlands,2006,21.5
Netherlands,2007,22.3
Netherlands,2008,22.4
Netherlands,2009,20.9
Netherlands,2010,20.4
Netherlands,2011,20.5
Netherlands,2012,19.2
Netherlands,2013,18.2
Netherlands,2014,18.5
Netherlands,2015,19.9
Netherlands,2016,20.1
New Zealand,2006,23.7
New Zealand,2007,24.8
New Zealand,2008,22.7
New Zealand,2009,19.7
New Zealand,2010,20.1
New Zealand,2011,20.4
New Zealand,2012,20.9
New Zealand,2013,22.0
New Zealand,2014,22.9
New Zealand,2015,23.4
New Zealand,2016,24.4
Nicaragua,2006,28.3
Nicaragua,2007,31.3
Nicaragua,2008,33.6
Nicaragua,2009,23.2
Nicaragua,2010,24.8
Nicaragua,2011,31.0
Nicaragua,2012,31.0
Nicaragua,2013,30.9
Nicaragua,2014,28.9
Nicaragua,2015,32.7
Nicaragua,2016,30.7
Niger,2006,23.6
Niger,2007,22.9
Niger,2008,32.1
Niger,2009,34.7
Niger,2010,40.0
Niger,2011,38.4
Niger,2012,36.2
Niger,2013,36.2
Niger,2014,37.4
Niger,2015,40.0
Niger,2016,33.9
Nigeria,2006,8.27
Nigeria,2007,9.26
Nigeria,2008,8.33
Nigeria,2009,12.1
Nigeria,2010,17.3
Nigeria,2011,16.2
Nigeria,2012,14.9
Nigeria,2013,14.9
Nigeria,2014,15.8
Nigeria,2015,15.5
Nigeria,2016,15.3
North Macedonia,2006,21.4
North Macedonia,2007,23.7
North Macedonia,2008,27.9
North Macedonia,2009,25.7
North Macedonia,2010,24.5
North Macedonia,2011,26.9
North Macedonia,2012,28.9
North Macedonia,2013,28.8
North Macedonia,2014,30.3
North Macedonia,2015,30.4
North Macedonia,2016,32.6
Norway,2006,24.2
Norway,2007,27.3
Norway,2008,26.1
Norway,2009,24.7
Norway,2010,25.4
Norway,2011,25.9
Norway,2012,26.5
Norway,2013,27.9
Norway,2014,28.1
Norway,2015,27.6
Norway,2016,29.3
Oman,2006,27.2
Oman,2007,34.3
Oman,2008,36.5
Oman,2009,28.2
Oman,2010,25.4
Oman,2011,23.8
Oman,2012,27.8
Oman,2013,29.8
Oman,2014,24.7
Oman,2015,36.4
Oman,2016,
Pakistan,2006,19.3
Pakistan,2007,18.8
Pakistan,2008,19.2
Pakistan,2009,17.5
Pakistan,2010,15.8
Pakistan,2011,14.1
Pakistan,2012,15.1
Pakistan,2013,15.0
Pakistan,2014,14.6
Pakistan,2015,15.7
Pakistan,2016,15.7
Palau,2006,
Palau,2007,29.2
Palau,2008,26.5
Palau,2009,18.8
Palau,2010,21.9
Palau,2011,24.0
Palau,2012,22.1
Palau,2013,19.4
Palau,2014,28.2
Palau,2015,21.1
Palau,2016,25.2
Palestine,2006,23.5
Palestine,2007,21.9
Palestine,2008,20.6
Palestine,2009,20.7
Palestine,2010,21.6
Palestine,2011,17.8
Palestine,2012,21.1
Palestine,2013,21.7
Palestine,2014,19.0
Palestine,2015,21.1
Palestine,2016,21.1
Panama,2006,29.4
Panama,2007,36.0
Panama,2008,42.3
Panama,2009,31.4
Panama,2010,38.2
Panama,2011,38.6
Panama,2012,43.7
Panama,2013,44.0
Panama,2014,44.3
Panama,2015,42.6
Panama,2016,43.8
Papua New Guinea,2006,
Papua New Guinea,2007,
Papua New Guinea,2008,
Papua New Guinea,2009,
Papua New Guinea,2010,
Papua New Guinea,2011,
Papua New Guinea,2012,
Papua New Guinea,2013,
Papua New Guinea,2014,
Papua New Guinea,2015,
Papua New Guinea,2016,
Paraguay,2006,17.1
Paraguay,2007,15.8
Paraguay,2008,16.4
Paraguay,2009,13.8
Paraguay,2010,16.2
Paraguay,2011,17.1
Paraguay,2012,15.1
Paraguay,2013,15.4
Paraguay,2014,16.3
Paraguay,2015,16.8
Paraguay,2016,18.0
Peru,2006,19.7
Peru,2007,22.0
Peru,2008,26.2
Peru,2009,20.0
Peru,2010,23.8
Peru,2011,24.2
Peru,2012,24.6
Peru,2013,25.6
Peru,2014,24.6
Peru,2015,24.2
Peru,2016,22.1
Philippines,2006,18.0
Philippines,2007,17.3
Philippines,2008,19.3
Philippines,2009,16.6
Philippines,2010,20.5
Philippines,2011,20.5
Philippines,2012,18.2
Philippines,2013,20.0
Philippines,2014,20.6
Philippines,2015,21.2
Philippines,2016,24.3
Poland,2006,21.7
Poland,2007,25.2
Poland,2008,24.7
Poland,2009,20.6
Poland,2010,21.3
Poland,2011,22.4
Poland,2012,21.0
Poland,2013,19.0
Poland,2014,20.4
Poland,2015,20.5
Poland,2016,19.6
Portugal,2006,23.2
Portugal,2007,23.1
Portugal,2008,23.6
Portugal,2009,20.8
Portugal,2010,21.1
Portugal,2011,18.6
Portugal,2012,15.7
Portugal,2013,14.6
Portugal,2014,15.3
Portugal,2015,15.8
Portugal,2016,15.5
Qatar,2006,41.9
Qatar,2007,46.0
Qatar,2008,41.1
Qatar,2009,43.0
Qatar,2010,31.3
Qatar,2011,29.0
Qatar,2012,27.1
Qatar,2013,27.8
Qatar,2014,31.8
Qatar,2015,38.2
Qatar,2016,45.2
Romania,2006,27.2
Romania,2007,31.1
Romania,2008,33.2
Romania,2009,26.6
Romania,2010,27.1
Romania,2011,28.0
Romania,2012,26.8
Romania,2013,25.6
Romania,2014,24.7
Romania,2015,25.2
Romania,2016,24.0
Russia,2006,21.2
Russia,2007,24.2
Russia,2008,25.5
Russia,2009,18.9
Russia,2010,22.6
Russia,2011,24.4
Russia,2012,24.5
Russia,2013,23.1
Russia,2014,22.2
Russia,2015,21.9
Russia,2016,22.8
Rwanda,2006,16.8
Rwanda,2007,18.9
Rwanda,2008,24.0
Rwanda,2009,23.4
Rwanda,2010,23.0
Rwanda,2011,23.2
Rwanda,2012,25.7
Rwanda,2013,26.5
Rwanda,2014,25.3
Rwanda,2015,26.4
Rwanda,2016,25.9
Saudi Arabia,2006,22.2
Saudi Arabia,2007,26.5
Saudi Arabia,2008,27.3
Saudi Arabia,2009,31.7
Saudi Arabia,2010,30.9
Saudi Arabia,2011,27.0
Saudi Arabia,2012,26.5
Saudi Arabia,2013,26.5
Saudi Arabia,2014,28.8
Saudi Arabia,2015,35.1
Saudi Arabia,2016,30.9
Senegal,2006,24.7
Senegal,2007,29.3
Senegal,2008,31.3
Senegal,2009,22.1
Senegal,2010,22.1
Senegal,2011,25.6
Senegal,2012,29.2
Senegal,2013,27.4
Senegal,2014,24.4
Senegal,2015,25.1
Senegal,2016,24.9
Serbia,2006,25.0
Serbia,2007,29.1
Serbia,2008,30.3
Serbia,2009,19.4
Serbia,2010,18.5
Serbia,2011,20.1
Serbia,2012,21.0
Serbia,2013,17.6
Serbia,2014,17.5
Serbia,2015,18.9
Serbia,2016,19.1
Seychelles,2006,30.4
Seychelles,2007,29.0
Seychelles,2008,26.9
Seychelles,2009,27.3
Seychelles,2010,36.6
Seychelles,2011,35.0
Seychelles,2012,40.0
Seychelles,2013,40.3
Seychelles,2014,39.5
Seychelles,2015,35.3
Seychelles,2016,
Sierra Leone,2006,10.4
Sierra Leone,2007,9.45
Sierra Leone,2008,9.11
Sierra Leone,2009,9.99
Sierra Leone,2010,31.1
Sierra Leone,2011,42.0
Sierra Leone,2012,27.5
Sierra Leone,2013,13.8
Sierra Leone,2014,13.7
Sierra Leone,2015,15.5
Sierra Leone,2016,20.1
Singapore,2006,22.3
Singapore,2007,23.2
Singapore,2008,30.5
Singapore,2009,27.8
Singapore,2010,28.2
Singapore,2011,27.1
Singapore,2012,29.9
Singapore,2013,30.7
Singapore,2014,30.2
Singapore,2015,27.1
Singapore,2016,27.0
Slovak Republic,2006,28.8
Slovak Republic,2007,28.5
Slovak Republic,2008,28.7
Slovak Republic,2009,21.1
Slovak Republic,2010,24.0
Slovak Republic,2011,25.0
Slovak Republic,2012,20.9
Slovak Republic,2013,21.0
Slovak Republic,2014,22.0
Slovak Republic,2015,24.2
Slovak Republic,2016,22.6
Slovenia,2006,30.2
Slovenia,2007,32.9
Slovenia,2008,32.7
Slovenia,2009,23.4
Slovenia,2010,22.2
Slovenia,2011,21.7
Slovenia,2012,18.7
Slovenia,2013,19.5
Slovenia,2014,19.6
Slovenia,2015,19.4
Slovenia,2016,18.7
Solomon Islands,2006,14.6
Solomon Islands,2007,
Solomon Islands,2008,
Solomon Islands,2009,
Solomon Islands,2010,
Solomon Islands,2011,
Solomon Islands,2012,
Solomon Islands,2013,
Solomon Islands,2014,
Solomon Islands,2015,
Solomon Islands,2016,
Somalia,2006,
Somalia,2007,
Somalia,2008,
Somalia,2009,
Somalia,2010,
Somalia,2011,
Somalia,2012,
Somalia,2013,
Somalia,2014,
Somalia,2015,
Somalia,2016,
South Africa,2006,20.2
South Africa,2007,21.0
South Africa,2008,23.2
South Africa,2009,20.7
South Africa,2010,19.5
South Africa,2011,19.7
South Africa,2012,20.0
South Africa,2013,21.2
South Africa,2014,20.5
South Africa,2015,21.0
South Africa,2016,19.4
South Korea,2006,32.7
South Korea,2007,32.6
South Korea,2008,33.0
South Korea,2009,28.5
South Korea,2010,32.0
South Korea,2011,33.0
South Korea,2012,31.0
South Korea,2013,29.1
South Korea,2014,29.3
South Korea,2015,28.9
South Korea,2016,29.3
South Sudan,2006,
South Sudan,2007,
South Sudan,2008,
South Sudan,2009,
South Sudan,2010,
South Sudan,2011,5.49
South Sudan,2012,10.7
South Sudan,2013,12.8
South Sudan,2014,20.6
South Sudan,2015,14.5
South Sudan,2016,17.3
Spain,2006,31.3
Spain,2007,31.3
Spain,2008,29.6
Spain,2009,24.6
Spain,2010,23.5
Spain,2011,21.9
Spain,2012,20.0
Spain,2013,18.7
Spain,2014,19.5
Spain,2015,20.4
Spain,2016,20.5
Sri Lanka,2006,28.0
Sri Lanka,2007,28.0
Sri Lanka,2008,27.6
Sri Lanka,2009,24.4
Sri Lanka,2010,30.4
Sri Lanka,2011,33.4
Sri Lanka,2012,39.1
Sri Lanka,2013,33.2
Sri Lanka,2014,32.3
Sri Lanka,2015,31.2
Sri Lanka,2016,35.0
Sudan,2006,28.9
Sudan,2007,27.6
Sudan,2008,24.6
Sudan,2009,24.5
Sudan,2010,23.0
Sudan,2011,21.6
Sudan,2012,19.1
Sudan,2013,19.5
Sudan,2014,16.4
Sudan,2015,16.6
Sudan,2016,19.6
Suriname,2006,18.4
Suriname,2007,42.3
Suriname,2008,45.5
Suriname,2009,47.1
Suriname,2010,37.5
Suriname,2011,53.2
Suriname,2012,57.8
Suriname,2013,62.9
Suriname,2014,70.7
Suriname,2015,67.4
Suriname,2016,66.0
Swaziland,2006,16.5
Swaziland,2007,16.0
Swaziland,2008,15.7
Swaziland,2009,15.4
Swaziland,2010,14.5
Swaziland,2011,12.9
Swaziland,2012,12.3
Swaziland,2013,12.1
Swaziland,2014,12.3
Swaziland,2015,11.4
Swaziland,2016,12.4
Sweden,2006,23.0
Sweden,2007,24.6
Sweden,2008,24.5
Sweden,2009,20.9
Sweden,2010,22.9
Sweden,2011,23.8
Sweden,2012,22.6
Sweden,2013,22.5
Sweden,2014,23.4
Sweden,2015,24.3
Sweden,2016,24.7
Switzerland,2006,25.2
Switzerland,2007,24.3
Switzerland,2008,25.3
Switzerland,2009,26.2
Switzerland,2010,23.9
Switzerland,2011,26.7
Switzerland,2012,24.4
Switzerland,2013,22.5
Switzerland,2014,23.2
Switzerland,2015,23.1
Switzerland,2016,23.1
Syria,2006,18.9
Syria,2007,27.8
Syria,2008,
Syria,2009,
Syria,2010,
Syria,2011,
Syria,2012,
Syria,2013,
Syria,2014,
Syria,2015,
Syria,2016,
Tajikistan,2006,16.0
Tajikistan,2007,24.6
Tajikistan,2008,26.5
Tajikistan,2009,24.8
Tajikistan,2010,23.8
Tajikistan,2011,29.2
Tajikistan,2012,23.3
Tajikistan,2013,24.7
Tajikistan,2014,26.2
Tajikistan,2015,28.9
Tajikistan,2016,31.1
Tanzania,2006,26.0
Tanzania,2007,32.8
Tanzania,2008,32.1
Tanzania,2009,25.1
Tanzania,2010,27.3
Tanzania,2011,33.2
Tanzania,2012,28.5
Tanzania,2013,30.3
Tanzania,2014,30.1
Tanzania,2015,27.2
Tanzania,2016,24.8
Thailand,2006,27.0
Thailand,2007,25.5
Thailand,2008,28.2
Thailand,2009,20.6
Thailand,2010,25.4
Thailand,2011,26.8
Thailand,2012,28.0
Thailand,2013,27.5
Thailand,2014,23.9
Thailand,2015,22.1
Thailand,2016,21.7
Timor-Leste,2006,2.07
Timor-Leste,2007,3.52
Timor-Leste,2008,4.62
Timor-Leste,2009,11.1
Timor-Leste,2010,9.42
Timor-Leste,2011,12.9
Timor-Leste,2012,10.5
Timor-Leste,2013,10.3
Timor-Leste,2014,15.4
Timor-Leste,2015,18.9
Timor-Leste,2016,26.1
Togo,2006,16.8
Togo,2007,14.6
Togo,2008,17.3
Togo,2009,18.0
Togo,2010,18.9
Togo,2011,18.3
Togo,2012,24.2
Togo,2013,24.6
Togo,2014,23.1
Togo,2015,20.7
Togo,2016,22.9
Tonga,2006,21.1
Tonga,2007,21.7
Tonga,2008,20.8
Tonga,2009,24.5
Tonga,2010,30.1
Tonga,2011,36.1
Tonga,2012,33.4
Tonga,2013,
Tonga,2014,
Tonga,2015,
Tonga,2016,
Tunisia,2006,23.4
Tunisia,2007,23.8
Tunisia,2008,26.0
Tunisia,2009,25.1
Tunisia,2010,26.6
Tunisia,2011,23.5
Tunisia,2012,24.9
Tunisia,2013,23.2
Tunisia,2014,23.5
Tunisia,2015,20.3
Tunisia,2016,19.7
Turkey,2006,29.6
Turkey,2007,28.7
Turkey,2008,28.9
Turkey,2009,23.0
Turkey,2010,27.0
Turkey,2011,31.3
Turkey,2012,28.3
Turkey,2013,29.8
Turkey,2014,29.0
Turkey,2015,28.4
Turkey,2016,28.2
Turkmenistan,2006,19.5
Turkmenistan,2007,18.6
Turkmenistan,2008,31.7
Turkmenistan,2009,46.6
Turkmenistan,2010,51.9
Turkmenistan,2011,51.9
Turkmenistan,2012,47.2
Turkmenistan,2013,
Turkmenistan,2014,
Turkmenistan,2015,
Turkmenistan,2016,
Uganda,2006,21.1
Uganda,2007,22.1
Uganda,2008,23.0
Uganda,2009,25.0
Uganda,2010,25.6
Uganda,2011,27.5
Uganda,2012,27.3
Uganda,2013,28.4
Uganda,2014,27.3
Uganda,2015,24.6
Uganda,2016,25.5
Ukraine,2006,24.8
Ukraine,2007,26.7
Ukraine,2008,27.9
Ukraine,2009,17.1
Ukraine,2010,20.9
Ukraine,2011,22.4
Ukraine,2012,21.7
Ukraine,2013,18.5
Ukraine,2014,13.4
Ukraine,2015,15.9
Ukraine,2016,21.5
United Arab Emirates,2006,19.3
United Arab Emirates,2007,25.1
United Arab Emirates,2008,25.1
United Arab Emirates,2009,31.6
United Arab Emirates,2010,27.1
United Arab Emirates,2011,23.2
United Arab Emirates,2012,21.9
United Arab Emirates,2013,19.3
United Arab Emirates,2014,22.2
United Arab Emirates,2015,25.7
United Arab Emirates,2016,26.0
United Kingdom,2006,17.6
United Kingdom,2007,18.1
United Kingdom,2008,17.0
United Kingdom,2009,14.4
United Kingdom,2010,15.7
United Kingdom,2011,15.6
United Kingdom,2012,15.8
United Kingdom,2013,16.4
United Kingdom,2014,17.1
United Kingdom,2015,17.0
United Kingdom,2016,17.0
United States,2006,23.3
United States,2007,22.4
United States,2008,20.8
United States,2009,17.5
United States,2010,18.4
United States,2011,18.5
United States,2012,19.4
United States,2013,19.8
United States,2014,20.1
United States,2015,20.4
United States,2016,19.7
Uruguay,2006,19.5
Uruguay,2007,19.5
Uruguay,2008,23.2
Uruguay,2009,19.6
Uruguay,2010,19.4
Uruguay,2011,20.9
Uruguay,2012,22.9
Uruguay,2013,22.5
Uruguay,2014,21.2
Uruguay,2015,19.7
Uruguay,2016,17.8
Uzbekistan,2006,19.1
Uzbekistan,2007,20.9
Uzbekistan,2008,24.5
Uzbekistan,2009,25.4
Uzbekistan,2010,24.6
Uzbekistan,2011,22.8
Uzbekistan,2012,23.3
Uzbekistan,2013,23.7
Uzbekistan,2014,24.2
Uzbekistan,2015,23.7
Uzbekistan,2016,24.9
Vanuatu,2006,28.4
Vanuatu,2007,32.3
Vanuatu,2008,40.6
Vanuatu,2009,39.9
Vanuatu,2010,34.7
Vanuatu,2011,27.5
Vanuatu,2012,23.0
Vanuatu,2013,25.9
Vanuatu,2014,26.4
Vanuatu,2015,
Vanuatu,2016,
Venezuela,2006,26.9
Venezuela,2007,30.3
Venezuela,2008,26.8
Venezuela,2009,25.8
Venezuela,2010,22.0
Venezuela,2011,23.1
Venezuela,2012,26.6
Venezuela,2013,27.3
Venezuela,2014,24.8
Venezuela,2015,
Venezuela,2016,
Vietnam,2006,34.5
Vietnam,2007,39.6
Vietnam,2008,36.5
Vietnam,2009,37.2
Vietnam,2010,35.7
Vietnam,2011,29.8
Vietnam,2012,27.2
Vietnam,2013,26.7
Vietnam,2014,26.8
Vietnam,2015,27.7
Vietnam,2016,26.6
Yemen,2006,16.4
Yemen,2007,17.2
Yemen,2008,15.4
Yemen,2009,13.5
Yemen,2010,11.7
Yemen,2011,5.5
Yemen,2012,8.7
Yemen,2013,8.11
Yemen,2014,7.83
Yemen,2015,1.85
Yemen,2016,1.7
Zambia,2006,
Zambia,2007,
Zambia,2008,
Zambia,2009,
Zambia,2010,29.9
Zambia,2011,33.6
Zambia,2012,31.8
Zambia,2013,34.0
Zambia,2014,34.0
Zambia,2015,42.8
Zambia,2016,38.2
Zimbabwe,2006,1.57
Zimbabwe,2007,7.11
Zimbabwe,2008,5.13
Zimbabwe,2009,14.3
Zimbabwe,2010,22.3
Zimbabwe,2011,20.3
Zimbabwe,2012,11.8
Zimbabwe,2013,11.4
Zimbabwe,2014,11.8
Zimbabwe,2015,12.3
Zimbabwe,2016,12.2
