country,year,tax_%_gdp
Afghanistan,2006,6.88
Afghanistan,2007,5.23
Afghanistan,2008,6.04
Afghanistan,2009,8.44
Afghanistan,2010,9.12
Afghanistan,2011,8.85
Afghanistan,2012,7.47
Afghanistan,2013,7.08
Afghanistan,2014,6.84
Afghanistan,2015,7.55
Afghanistan,2016,
Albania,2006,
Albania,2007,
Albania,2008,
Albania,2009,
Albania,2010,
Albania,2011,18.0
Albania,2012,17.5
Albania,2013,16.5
Albania,2014,18.3
Albania,2015,18.5
Albania,2016,17.6
Algeria,2006,40.8
Algeria,2007,37.4
Algeria,2008,45.3
Algeria,2009,35.1
Algeria,2010,34.4
Algeria,2011,37.2
Algeria,2012,
Algeria,2013,
Algeria,2014,
Algeria,2015,
Algeria,2016,
Angola,2006,29.3
Angola,2007,23.2
Angola,2008,27.0
Angola,2009,17.1
Angola,2010,16.9
Angola,2011,17.3
Angola,2012,16.7
Angola,2013,15.5
Angola,2014,15.6
Angola,2015,12.5
Angola,2016,10.3
Antigua and Barbuda,2006,18.2
Antigua and Barbuda,2007,19.5
Antigua and Barbuda,2008,18.7
Antigua and Barbuda,2009,17.3
Antigua and Barbuda,2010,18.5
Antigua and Barbuda,2011,17.9
Antigua and Barbuda,2012,18.5
Antigua and Barbuda,2013,17.2
Antigua and Barbuda,2014,16.5
Antigua and Barbuda,2015,
Antigua and Barbuda,2016,
Argentina,2006,12.9
Argentina,2007,12.4
Argentina,2008,13.3
Argentina,2009,12.4
Argentina,2010,12.9
Argentina,2011,12.7
Argentina,2012,13.0
Argentina,2013,12.5
Argentina,2014,12.6
Argentina,2015,12.3
Argentina,2016,12.2
Armenia,2006,14.4
Armenia,2007,16.0
Armenia,2008,17.3
Armenia,2009,16.5
Armenia,2010,17.1
Armenia,2011,17.2
Armenia,2012,17.5
Armenia,2013,
Armenia,2014,21.6
Armenia,2015,20.9
Armenia,2016,21.3
Australia,2006,24.6
Australia,2007,24.1
Australia,2008,24.3
Australia,2009,22.1
Australia,2010,20.6
Australia,2011,20.4
Australia,2012,21.2
Australia,2013,22.1
Australia,2014,22.0
Australia,2015,22.0
Australia,2016,22.3
Austria,2006,25.1
Austria,2007,25.4
Austria,2008,26.1
Austria,2009,25.2
Austria,2010,25.3
Austria,2011,25.4
Austria,2012,25.9
Austria,2013,26.4
Austria,2014,26.4
Austria,2015,26.8
Austria,2016,25.7
Azerbaijan,2006,
Azerbaijan,2007,
Azerbaijan,2008,16.4
Azerbaijan,2009,14.1
Azerbaijan,2010,12.2
Azerbaijan,2011,12.2
Azerbaijan,2012,12.8
Azerbaijan,2013,13.4
Azerbaijan,2014,14.2
Azerbaijan,2015,15.6
Azerbaijan,2016,
Bahamas,2006,11.2
Bahamas,2007,11.4
Bahamas,2008,12.1
Bahamas,2009,11.3
Bahamas,2010,10.9
Bahamas,2011,12.9
Bahamas,2012,11.9
Bahamas,2013,11.4
Bahamas,2014,11.4
Bahamas,2015,12.7
Bahamas,2016,14.2
Bahrain,2006,1.17
Bahrain,2007,1.15
Bahrain,2008,1.24
Bahrain,2009,1.36
Bahrain,2010,1.18
Bahrain,2011,1.11
Bahrain,2012,
Bahrain,2013,1.07
Bahrain,2014,
Bahrain,2015,
Bahrain,2016,
Bangladesh,2006,7.04
Bangladesh,2007,6.92
Bangladesh,2008,7.66
Bangladesh,2009,7.5
Bangladesh,2010,7.83
Bangladesh,2011,8.69
Bangladesh,2012,9.02
Bangladesh,2013,8.96
Bangladesh,2014,8.64
Bangladesh,2015,8.5
Bangladesh,2016,8.77
Barbados,2006,25.1
Barbados,2007,26.8
Barbados,2008,26.4
Barbados,2009,24.9
Barbados,2010,25.1
Barbados,2011,25.9
Barbados,2012,24.2
Barbados,2013,23.4
Barbados,2014,24.0
Barbados,2015,26.1
Barbados,2016,
Belarus,2006,22.2
Belarus,2007,23.7
Belarus,2008,25.4
Belarus,2009,19.3
Belarus,2010,16.3
Belarus,2011,14.5
Belarus,2012,14.7
Belarus,2013,13.4
Belarus,2014,12.7
Belarus,2015,14.2
Belarus,2016,13.8
Belgium,2006,25.2
Belgium,2007,24.7
Belgium,2008,25.1
Belgium,2009,23.6
Belgium,2010,24.3
Belgium,2011,24.7
Belgium,2012,25.7
Belgium,2013,26.2
Belgium,2014,26.3
Belgium,2015,24.7
Belgium,2016,23.1
Belize,2006,21.8
Belize,2007,22.9
Belize,2008,21.7
Belize,2009,22.5
Belize,2010,23.6
Belize,2011,22.6
Belize,2012,22.5
Belize,2013,23.3
Belize,2014,23.4
Belize,2015,
Belize,2016,
Benin,2006,14.2
Benin,2007,15.7
Benin,2008,16.1
Benin,2009,15.0
Benin,2010,15.5
Benin,2011,14.8
Benin,2012,14.4
Benin,2013,15.4
Benin,2014,
Benin,2015,
Benin,2016,
Bhutan,2006,9.03
Bhutan,2007,7.52
Bhutan,2008,8.42
Bhutan,2009,9.24
Bhutan,2010,13.1
Bhutan,2011,13.5
Bhutan,2012,14.7
Bhutan,2013,14.4
Bhutan,2014,13.3
Bhutan,2015,13.8
Bhutan,2016,13.2
Bolivia,2006,16.8
Bolivia,2007,17.0
Bolivia,2008,
Bolivia,2009,
Bolivia,2010,
Bolivia,2011,
Bolivia,2012,
Bolivia,2013,
Bolivia,2014,
Bolivia,2015,
Bolivia,2016,
Bosnia and Herzegovina,2006,21.7
Bosnia and Herzegovina,2007,21.4
Bosnia and Herzegovina,2008,20.3
Bosnia and Herzegovina,2009,18.9
Bosnia and Herzegovina,2010,19.7
Bosnia and Herzegovina,2011,20.3
Bosnia and Herzegovina,2012,20.5
Bosnia and Herzegovina,2013,19.8
Bosnia and Herzegovina,2014,19.8
Bosnia and Herzegovina,2015,19.9
Bosnia and Herzegovina,2016,20.0
Botswana,2006,26.9
Botswana,2007,25.7
Botswana,2008,27.4
Botswana,2009,27.3
Botswana,2010,23.6
Botswana,2011,23.2
Botswana,2012,26.6
Botswana,2013,25.6
Botswana,2014,25.8
Botswana,2015,24.7
Botswana,2016,20.8
Brazil,2006,15.4
Brazil,2007,15.8
Brazil,2008,15.5
Brazil,2009,14.4
Brazil,2010,13.6
Brazil,2011,14.2
Brazil,2012,13.7
Brazil,2013,13.4
Brazil,2014,12.8
Brazil,2015,12.8
Brazil,2016,12.9
Bulgaria,2006,21.1
Bulgaria,2007,22.9
Bulgaria,2008,22.2
Bulgaria,2009,19.0
Bulgaria,2010,18.5
Bulgaria,2011,17.7
Bulgaria,2012,19.0
Bulgaria,2013,19.8
Bulgaria,2014,19.6
Bulgaria,2015,20.2
Bulgaria,2016,20.0
Burkina Faso,2006,12.1
Burkina Faso,2007,12.7
Burkina Faso,2008,11.9
Burkina Faso,2009,12.5
Burkina Faso,2010,12.7
Burkina Faso,2011,13.7
Burkina Faso,2012,15.6
Burkina Faso,2013,16.8
Burkina Faso,2014,15.4
Burkina Faso,2015,15.1
Burkina Faso,2016,15.8
Burundi,2006,
Burundi,2007,
Burundi,2008,
Burundi,2009,
Burundi,2010,13.9
Burundi,2011,14.7
Burundi,2012,13.7
Burundi,2013,12.2
Burundi,2014,
Burundi,2015,
Burundi,2016,
Cambodia,2006,8.18
Cambodia,2007,9.7
Cambodia,2008,10.6
Cambodia,2009,9.65
Cambodia,2010,10.0
Cambodia,2011,10.2
Cambodia,2012,11.1
Cambodia,2013,12.1
Cambodia,2014,14.6
Cambodia,2015,14.2
Cambodia,2016,15.3
Canada,2006,13.4
Canada,2007,13.4
Canada,2008,12.4
Canada,2009,12.3
Canada,2010,11.8
Canada,2011,11.8
Canada,2012,11.7
Canada,2013,11.7
Canada,2014,11.8
Canada,2015,12.3
Canada,2016,12.2
Cape Verde,2006,22.7
Cape Verde,2007,20.9
Cape Verde,2008,21.3
Cape Verde,2009,18.4
Cape Verde,2010,
Cape Verde,2011,
Cape Verde,2012,17.9
Cape Verde,2013,
Cape Verde,2014,
Cape Verde,2015,
Cape Verde,2016,
Central African Republic,2006,
Central African Republic,2007,
Central African Republic,2008,9.06
Central African Republic,2009,9.17
Central African Republic,2010,10.1
Central African Republic,2011,9.29
Central African Republic,2012,
Central African Republic,2013,
Central African Republic,2014,
Central African Republic,2015,
Central African Republic,2016,
Chile,2006,19.5
Chile,2007,20.3
Chile,2008,18.7
Chile,2009,14.5
Chile,2010,17.4
Chile,2011,18.9
Chile,2012,19.0
Chile,2013,17.4
Chile,2014,17.0
Chile,2015,17.4
Chile,2016,17.4
China,2006,9.06
China,2007,9.77
China,2008,10.1
China,2009,10.3
China,2010,10.2
China,2011,10.3
China,2012,10.2
China,2013,9.87
China,2014,9.67
China,2015,9.37
China,2016,
Colombia,2006,
Colombia,2007,
Colombia,2008,12.9
Colombia,2009,12.6
Colombia,2010,12.1
Colombia,2011,14.6
Colombia,2012,13.3
Colombia,2013,14.1
Colombia,2014,15.0
Colombia,2015,15.1
Colombia,2016,13.3
"Congo, Dem. Rep.",2006,6.83
"Congo, Dem. Rep.",2007,6.99
"Congo, Dem. Rep.",2008,8.97
"Congo, Dem. Rep.",2009,7.89
"Congo, Dem. Rep.",2010,8.35
"Congo, Dem. Rep.",2011,
"Congo, Dem. Rep.",2012,
"Congo, Dem. Rep.",2013,
"Congo, Dem. Rep.",2014,
"Congo, Dem. Rep.",2015,
"Congo, Dem. Rep.",2016,
"Congo, Rep.",2006,5.79
"Congo, Rep.",2007,6.6
"Congo, Rep.",2008,5.95
"Congo, Rep.",2009,8.4
"Congo, Rep.",2010,7.6
"Congo, Rep.",2011,8.86
"Congo, Rep.",2012,9.43
"Congo, Rep.",2013,
"Congo, Rep.",2014,
"Congo, Rep.",2015,
"Congo, Rep.",2016,
Costa Rica,2006,13.9
Costa Rica,2007,14.9
Costa Rica,2008,15.3
Costa Rica,2009,13.3
Costa Rica,2010,13.1
Costa Rica,2011,13.4
Costa Rica,2012,13.3
Costa Rica,2013,13.7
Costa Rica,2014,13.4
Costa Rica,2015,13.7
Costa Rica,2016,14.0
Cote d'Ivoire,2006,14.7
Cote d'Ivoire,2007,15.1
Cote d'Ivoire,2008,15.1
Cote d'Ivoire,2009,14.6
Cote d'Ivoire,2010,14.3
Cote d'Ivoire,2011,10.9
Cote d'Ivoire,2012,14.3
Cote d'Ivoire,2013,14.5
Cote d'Ivoire,2014,14.0
Cote d'Ivoire,2015,15.4
Cote d'Ivoire,2016,15.2
Croatia,2006,19.9
Croatia,2007,19.9
Croatia,2008,20.0
Croatia,2009,19.2
Croatia,2010,19.1
Croatia,2011,18.4
Croatia,2012,19.5
Croatia,2013,19.0
Croatia,2014,19.1
Croatia,2015,
Croatia,2016,
Cyprus,2006,40.9
Cyprus,2007,48.3
Cyprus,2008,46.1
Cyprus,2009,23.3
Cyprus,2010,23.2
Cyprus,2011,23.3
Cyprus,2012,23.3
Cyprus,2013,23.4
Cyprus,2014,24.5
Cyprus,2015,24.1
Cyprus,2016,24.3
Czech Republic,2006,14.1
Czech Republic,2007,14.5
Czech Republic,2008,13.4
Czech Republic,2009,13.4
Czech Republic,2010,13.4
Czech Republic,2011,14.3
Czech Republic,2012,14.7
Czech Republic,2013,14.9
Czech Republic,2014,14.2
Czech Republic,2015,14.6
Czech Republic,2016,14.7
Denmark,2006,31.9
Denmark,2007,35.1
Denmark,2008,33.4
Denmark,2009,33.2
Denmark,2010,32.7
Denmark,2011,32.8
Denmark,2012,33.4
Denmark,2013,33.8
Denmark,2014,36.5
Denmark,2015,33.9
Denmark,2016,33.7
Dominica,2006,23.5
Dominica,2007,25.1
Dominica,2008,24.8
Dominica,2009,24.3
Dominica,2010,24.6
Dominica,2011,23.1
Dominica,2012,23.0
Dominica,2013,22.4
Dominica,2014,22.1
Dominica,2015,
Dominica,2016,
Dominican Republic,2006,14.0
Dominican Republic,2007,14.9
Dominican Republic,2008,14.2
Dominican Republic,2009,12.6
Dominican Republic,2010,12.2
Dominican Republic,2011,12.3
Dominican Republic,2012,13.0
Dominican Republic,2013,13.5
Dominican Republic,2014,13.6
Dominican Republic,2015,13.3
Dominican Republic,2016,13.5
Egypt,2006,15.8
Egypt,2007,15.3
Egypt,2008,15.3
Egypt,2009,15.7
Egypt,2010,14.1
Egypt,2011,14.0
Egypt,2012,12.4
Egypt,2013,13.5
Egypt,2014,12.2
Egypt,2015,12.5
Egypt,2016,
El Salvador,2006,15.7
El Salvador,2007,16.7
El Salvador,2008,17.1
El Salvador,2009,15.0
El Salvador,2010,15.8
El Salvador,2011,15.3
El Salvador,2012,16.2
El Salvador,2013,17.1
El Salvador,2014,16.7
El Salvador,2015,16.9
El Salvador,2016,17.6
Equatorial Guinea,2006,9.67
Equatorial Guinea,2007,7.55
Equatorial Guinea,2008,7.79
Equatorial Guinea,2009,12.8
Equatorial Guinea,2010,7.59
Equatorial Guinea,2011,7.02
Equatorial Guinea,2012,8.74
Equatorial Guinea,2013,8.52
Equatorial Guinea,2014,8.3
Equatorial Guinea,2015,11.5
Equatorial Guinea,2016,
Estonia,2006,1.28
Estonia,2007,1.3
Estonia,2008,1.24
Estonia,2009,1.37
Estonia,2010,1.27
Estonia,2011,1.23
Estonia,2012,1.27
Estonia,2013,1.29
Estonia,2014,1.34
Estonia,2015,1.4
Estonia,2016,1.43
Ethiopia,2006,8.26
Ethiopia,2007,7.81
Ethiopia,2008,7.81
Ethiopia,2009,6.58
Ethiopia,2010,8.16
Ethiopia,2011,9.21
Ethiopia,2012,9.38
Ethiopia,2013,8.76
Ethiopia,2014,
Ethiopia,2015,
Ethiopia,2016,
Fiji,2006,23.2
Fiji,2007,
Fiji,2008,
Fiji,2009,
Fiji,2010,21.8
Fiji,2011,23.0
Fiji,2012,23.2
Fiji,2013,23.6
Fiji,2014,24.6
Fiji,2015,25.5
Fiji,2016,
Finland,2006,21.5
Finland,2007,21.1
Finland,2008,20.5
Finland,2009,19.0
Finland,2010,18.7
Finland,2011,20.1
Finland,2012,20.3
Finland,2013,20.7
Finland,2014,20.8
Finland,2015,20.7
Finland,2016,21.0
France,2006,22.6
France,2007,22.1
France,2008,22.0
France,2009,20.7
France,2010,22.0
France,2011,21.8
France,2012,22.6
France,2013,23.2
France,2014,23.2
France,2015,23.2
France,2016,23.1
Gambia,2006,7.98
Gambia,2007,13.0
Gambia,2008,14.7
Gambia,2009,15.1
Gambia,2010,
Gambia,2011,
Gambia,2012,
Gambia,2013,
Gambia,2014,
Gambia,2015,
Gambia,2016,
Georgia,2006,15.4
Georgia,2007,17.7
Georgia,2008,23.8
Georgia,2009,23.1
Georgia,2010,22.1
Georgia,2011,23.8
Georgia,2012,24.1
Georgia,2013,23.4
Georgia,2014,23.5
Georgia,2015,23.8
Georgia,2016,23.5
Germany,2006,10.8
Germany,2007,11.3
Germany,2008,11.4
Germany,2009,11.6
Germany,2010,11.1
Germany,2011,11.4
Germany,2012,11.6
Germany,2013,11.6
Germany,2014,11.5
Germany,2015,11.4
Germany,2016,11.2
Ghana,2006,
Ghana,2007,
Ghana,2008,
Ghana,2009,
Ghana,2010,13.7
Ghana,2011,
Ghana,2012,
Ghana,2013,
Ghana,2014,
Ghana,2015,
Ghana,2016,
Greece,2006,20.0
Greece,2007,20.2
Greece,2008,20.2
Greece,2009,19.8
Greece,2010,20.2
Greece,2011,22.1
Greece,2012,23.6
Greece,2013,23.7
Greece,2014,24.4
Greece,2015,24.9
Greece,2016,26.7
Grenada,2006,19.1
Grenada,2007,19.7
Grenada,2008,19.5
Grenada,2009,18.2
Grenada,2010,18.7
Grenada,2011,19.2
Grenada,2012,18.7
Grenada,2013,18.4
Grenada,2014,19.4
Grenada,2015,
Grenada,2016,
Guatemala,2006,11.9
Guatemala,2007,12.1
Guatemala,2008,11.3
Guatemala,2009,10.3
Guatemala,2010,10.4
Guatemala,2011,10.8
Guatemala,2012,10.8
Guatemala,2013,10.9
Guatemala,2014,10.8
Guatemala,2015,10.2
Guatemala,2016,10.4
Honduras,2006,15.2
Honduras,2007,16.4
Honduras,2008,16.1
Honduras,2009,14.2
Honduras,2010,14.4
Honduras,2011,14.8
Honduras,2012,14.7
Honduras,2013,15.1
Honduras,2014,16.5
Honduras,2015,17.3
Honduras,2016,
Hungary,2006,19.8
Hungary,2007,21.4
Hungary,2008,23.3
Hungary,2009,23.3
Hungary,2010,22.8
Hungary,2011,21.1
Hungary,2012,22.9
Hungary,2013,22.7
Hungary,2014,23.0
Hungary,2015,23.4
Hungary,2016,23.4
Iceland,2006,27.4
Iceland,2007,26.2
Iceland,2008,23.2
Iceland,2009,20.1
Iceland,2010,20.7
Iceland,2011,21.2
Iceland,2012,22.1
Iceland,2013,22.7
Iceland,2014,25.3
Iceland,2015,23.5
Iceland,2016,38.5
India,2006,11.4
India,2007,12.3
India,2008,11.1
India,2009,9.94
India,2010,10.5
India,2011,10.2
India,2012,10.8
India,2013,11.0
India,2014,
India,2015,
India,2016,
Indonesia,2006,
Indonesia,2007,
Indonesia,2008,13.3
Indonesia,2009,11.1
Indonesia,2010,10.5
Indonesia,2011,11.2
Indonesia,2012,11.4
Indonesia,2013,11.3
Indonesia,2014,10.8
Indonesia,2015,10.8
Indonesia,2016,10.3
Iran,2006,6.22
Iran,2007,5.94
Iran,2008,6.2
Iran,2009,7.36
Iran,2010,
Iran,2011,
Iran,2012,
Iran,2013,
Iran,2014,
Iran,2015,
Iran,2016,
Iraq,2006,
Iraq,2007,
Iraq,2008,
Iraq,2009,
Iraq,2010,
Iraq,2011,
Iraq,2012,
Iraq,2013,
Iraq,2014,0.89
Iraq,2015,1.23
Iraq,2016,2.02
Ireland,2006,26.8
Ireland,2007,25.9
Ireland,2008,23.7
Ireland,2009,22.0
Ireland,2010,21.8
Ireland,2011,21.8
Ireland,2012,22.5
Ireland,2013,22.8
Ireland,2014,23.2
Ireland,2015,18.9
Ireland,2016,18.8
Israel,2006,26.1
Israel,2007,26.1
Israel,2008,23.8
Israel,2009,21.9
Israel,2010,22.5
Israel,2011,22.7
Israel,2012,22.1
Israel,2013,23.0
Israel,2014,23.3
Israel,2015,23.4
Israel,2016,23.4
Italy,2006,22.1
Italy,2007,22.4
Italy,2008,21.9
Italy,2009,22.4
Italy,2010,22.3
Italy,2011,22.3
Italy,2012,23.6
Italy,2013,23.7
Italy,2014,23.5
Italy,2015,23.4
Italy,2016,23.7
Jamaica,2006,24.0
Jamaica,2007,24.8
Jamaica,2008,24.7
Jamaica,2009,25.0
Jamaica,2010,24.3
Jamaica,2011,23.4
Jamaica,2012,24.3
Jamaica,2013,24.0
Jamaica,2014,24.1
Jamaica,2015,24.8
Jamaica,2016,26.1
Japan,2006,10.5
Japan,2007,10.1
Japan,2008,8.93
Japan,2009,8.37
Japan,2010,8.81
Japan,2011,9.36
Japan,2012,9.68
Japan,2013,10.4
Japan,2014,11.5
Japan,2015,11.4
Japan,2016,11.1
Jordan,2006,
Jordan,2007,
Jordan,2008,17.8
Jordan,2009,17.0
Jordan,2010,16.0
Jordan,2011,15.0
Jordan,2012,15.3
Jordan,2013,15.3
Jordan,2014,
Jordan,2015,
Jordan,2016,
Kazakhstan,2006,
Kazakhstan,2007,
Kazakhstan,2008,
Kazakhstan,2009,
Kazakhstan,2010,15.7
Kazakhstan,2011,18.3
Kazakhstan,2012,13.3
Kazakhstan,2013,16.0
Kazakhstan,2014,14.2
Kazakhstan,2015,9.84
Kazakhstan,2016,9.92
Kenya,2006,
Kenya,2007,
Kenya,2008,
Kenya,2009,
Kenya,2010,
Kenya,2011,
Kenya,2012,
Kenya,2013,
Kenya,2014,16.9
Kenya,2015,16.3
Kenya,2016,15.8
Kiribati,2006,
Kiribati,2007,
Kiribati,2008,
Kiribati,2009,
Kiribati,2010,16.0
Kiribati,2011,18.1
Kiribati,2012,18.5
Kiribati,2013,17.8
Kiribati,2014,17.8
Kiribati,2015,22.3
Kiribati,2016,24.5
Kuwait,2006,0.97
Kuwait,2007,1.09
Kuwait,2008,0.8759999999999999
Kuwait,2009,0.971
Kuwait,2010,0.9790000000000001
Kuwait,2011,0.8
Kuwait,2012,0.716
Kuwait,2013,0.777
Kuwait,2014,0.89
Kuwait,2015,1.38
Kuwait,2016,
Kyrgyz Republic,2006,
Kyrgyz Republic,2007,
Kyrgyz Republic,2008,
Kyrgyz Republic,2009,
Kyrgyz Republic,2010,
Kyrgyz Republic,2011,
Kyrgyz Republic,2012,
Kyrgyz Republic,2013,17.6
Kyrgyz Republic,2014,17.5
Kyrgyz Republic,2015,16.8
Kyrgyz Republic,2016,16.9
Lao,2006,
Lao,2007,
Lao,2008,12.1
Lao,2009,12.8
Lao,2010,13.0
Lao,2011,13.1
Lao,2012,13.6
Lao,2013,13.7
Lao,2014,13.8
Lao,2015,13.5
Lao,2016,12.9
Latvia,2006,22.2
Latvia,2007,21.7
Latvia,2008,20.8
Latvia,2009,18.8
Latvia,2010,19.8
Latvia,2011,20.0
Latvia,2012,21.1
Latvia,2013,22.0
Latvia,2014,22.4
Latvia,2015,22.8
Latvia,2016,23.9
Lebanon,2006,15.2
Lebanon,2007,15.1
Lebanon,2008,16.4
Lebanon,2009,16.8
Lebanon,2010,16.9
Lebanon,2011,16.3
Lebanon,2012,15.2
Lebanon,2013,14.3
Lebanon,2014,14.2
Lebanon,2015,13.6
Lebanon,2016,13.9
Lesotho,2006,48.0
Lesotho,2007,49.3
Lesotho,2008,51.2
Lesotho,2009,58.4
Lesotho,2010,37.3
Lesotho,2011,34.8
Lesotho,2012,48.0
Lesotho,2013,45.9
Lesotho,2014,45.2
Lesotho,2015,40.6
Lesotho,2016,34.2
Liberia,2006,13.4
Liberia,2007,19.0
Liberia,2008,20.0
Liberia,2009,
Liberia,2010,17.3
Liberia,2011,17.3
Liberia,2012,20.9
Liberia,2013,20.3
Liberia,2014,
Liberia,2015,
Liberia,2016,
Lithuania,2006,5.93
Lithuania,2007,5.89
Lithuania,2008,5.93
Lithuania,2009,4.93
Lithuania,2010,4.62
Lithuania,2011,4.49
Lithuania,2012,4.51
Lithuania,2013,4.53
Lithuania,2014,4.59
Lithuania,2015,4.82
Lithuania,2016,4.93
Luxembourg,2006,24.2
Luxembourg,2007,24.7
Luxembourg,2008,24.7
Luxembourg,2009,25.1
Luxembourg,2010,25.0
Luxembourg,2011,24.6
Luxembourg,2012,25.7
Luxembourg,2013,25.9
Luxembourg,2014,25.6
Luxembourg,2015,25.0
Luxembourg,2016,25.7
Madagascar,2006,10.7
Madagascar,2007,11.4
Madagascar,2008,
Madagascar,2009,
Madagascar,2010,
Madagascar,2011,
Madagascar,2012,
Madagascar,2013,
Madagascar,2014,
Madagascar,2015,
Madagascar,2016,
Malawi,2006,
Malawi,2007,
Malawi,2008,
Malawi,2009,14.5
Malawi,2010,15.4
Malawi,2011,15.5
Malawi,2012,13.6
Malawi,2013,14.1
Malawi,2014,15.9
Malawi,2015,15.2
Malawi,2016,15.5
Malaysia,2006,14.5
Malaysia,2007,14.3
Malaysia,2008,14.7
Malaysia,2009,14.9
Malaysia,2010,13.3
Malaysia,2011,14.8
Malaysia,2012,15.6
Malaysia,2013,15.3
Malaysia,2014,14.8
Malaysia,2015,14.3
Malaysia,2016,13.8
Maldives,2006,11.8
Maldives,2007,12.1
Maldives,2008,11.6
Maldives,2009,9.1
Maldives,2010,8.85
Maldives,2011,12.1
Maldives,2012,
Maldives,2013,
Maldives,2014,19.5
Maldives,2015,
Maldives,2016,
Mali,2006,13.3
Mali,2007,13.1
Mali,2008,11.9
Mali,2009,13.0
Mali,2010,12.9
Mali,2011,12.5
Mali,2012,13.0
Mali,2013,13.0
Mali,2014,12.6
Mali,2015,14.1
Mali,2016,15.4
Malta,2006,60.2
Malta,2007,62.9
Malta,2008,26.1
Malta,2009,26.5
Malta,2010,26.1
Malta,2011,26.1
Malta,2012,26.4
Malta,2013,26.8
Malta,2014,26.9
Malta,2015,25.6
Malta,2016,26.2
Marshall Islands,2006,
Marshall Islands,2007,
Marshall Islands,2008,18.4
Marshall Islands,2009,18.1
Marshall Islands,2010,17.1
Marshall Islands,2011,16.7
Marshall Islands,2012,15.8
Marshall Islands,2013,15.9
Marshall Islands,2014,15.9
Marshall Islands,2015,17.5
Marshall Islands,2016,17.8
Mauritius,2006,16.0
Mauritius,2007,15.1
Mauritius,2008,17.0
Mauritius,2009,18.1
Mauritius,2010,18.0
Mauritius,2011,18.0
Mauritius,2012,18.6
Mauritius,2013,18.4
Mauritius,2014,18.5
Mauritius,2015,8.99
Mauritius,2016,18.1
Mexico,2006,
Mexico,2007,
Mexico,2008,10.0
Mexico,2009,9.68
Mexico,2010,10.1
Mexico,2011,10.0
Mexico,2012,9.77
Mexico,2013,10.3
Mexico,2014,10.6
Mexico,2015,12.8
Mexico,2016,13.6
"Micronesia, Fed. Sts.",2006,
"Micronesia, Fed. Sts.",2007,
"Micronesia, Fed. Sts.",2008,4.29
"Micronesia, Fed. Sts.",2009,4.4
"Micronesia, Fed. Sts.",2010,4.67
"Micronesia, Fed. Sts.",2011,4.98
"Micronesia, Fed. Sts.",2012,4.91
"Micronesia, Fed. Sts.",2013,5.49
"Micronesia, Fed. Sts.",2014,12.6
"Micronesia, Fed. Sts.",2015,5.44
"Micronesia, Fed. Sts.",2016,6.05
Moldova,2006,19.6
Moldova,2007,20.6
Moldova,2008,20.4
Moldova,2009,17.7
Moldova,2010,18.2
Moldova,2011,18.3
Moldova,2012,18.6
Moldova,2013,18.4
Moldova,2014,19.8
Moldova,2015,19.5
Moldova,2016,19.3
Mongolia,2006,28.7
Mongolia,2007,23.5
Mongolia,2008,21.7
Mongolia,2009,16.5
Mongolia,2010,19.6
Mongolia,2011,18.5
Mongolia,2012,15.3
Mongolia,2013,15.7
Mongolia,2014,12.9
Mongolia,2015,11.8
Mongolia,2016,11.3
Morocco,2006,21.5
Morocco,2007,23.9
Morocco,2008,26.5
Morocco,2009,23.5
Morocco,2010,22.8
Morocco,2011,23.3
Morocco,2012,
Morocco,2013,
Morocco,2014,
Morocco,2015,
Morocco,2016,
Mozambique,2006,
Mozambique,2007,
Mozambique,2008,
Mozambique,2009,
Mozambique,2010,16.1
Mozambique,2011,18.7
Mozambique,2012,20.4
Mozambique,2013,23.1
Mozambique,2014,25.4
Mozambique,2015,21.9
Mozambique,2016,20.1
Myanmar,2006,
Myanmar,2007,
Myanmar,2008,
Myanmar,2009,
Myanmar,2010,
Myanmar,2011,
Myanmar,2012,4.52
Myanmar,2013,5.53
Myanmar,2014,5.84
Myanmar,2015,6.01
Myanmar,2016,6.41
Namibia,2006,29.1
Namibia,2007,30.9
Namibia,2008,30.1
Namibia,2009,29.4
Namibia,2010,25.9
Namibia,2011,30.0
Namibia,2012,32.9
Namibia,2013,31.5
Namibia,2014,33.6
Namibia,2015,32.5
Namibia,2016,28.5
Nepal,2006,8.78
Nepal,2007,9.77
Nepal,2008,10.4
Nepal,2009,11.8
Nepal,2010,13.4
Nepal,2011,13.3
Nepal,2012,13.9
Nepal,2013,15.3
Nepal,2014,15.9
Nepal,2015,16.7
Nepal,2016,18.7
Netherlands,2006,21.8
Netherlands,2007,21.9
Netherlands,2008,21.4
Netherlands,2009,21.0
Netherlands,2010,21.3
Netherlands,2011,20.4
Netherlands,2012,19.6
Netherlands,2013,19.9
Netherlands,2014,20.9
Netherlands,2015,21.5
Netherlands,2016,22.2
New Zealand,2006,32.0
New Zealand,2007,30.1
New Zealand,2008,31.5
New Zealand,2009,29.6
New Zealand,2010,26.1
New Zealand,2011,25.6
New Zealand,2012,26.8
New Zealand,2013,26.6
New Zealand,2014,26.8
New Zealand,2015,27.4
New Zealand,2016,27.2
Nicaragua,2006,13.7
Nicaragua,2007,13.9
Nicaragua,2008,13.2
Nicaragua,2009,13.1
Nicaragua,2010,13.7
Nicaragua,2011,14.5
Nicaragua,2012,15.0
Nicaragua,2013,15.0
Nicaragua,2014,15.3
Nicaragua,2015,15.8
Nicaragua,2016,16.3
Nigeria,2006,2.41
Nigeria,2007,3.98
Nigeria,2008,5.46
Nigeria,2009,5.11
Nigeria,2010,2.27
Nigeria,2011,1.8
Nigeria,2012,1.56
Nigeria,2013,1.48
Nigeria,2014,
Nigeria,2015,
Nigeria,2016,
North Macedonia,2006,18.1
North Macedonia,2007,19.1
North Macedonia,2008,18.5
North Macedonia,2009,17.1
North Macedonia,2010,16.9
North Macedonia,2011,17.0
North Macedonia,2012,16.4
North Macedonia,2013,15.7
North Macedonia,2014,16.2
North Macedonia,2015,16.8
North Macedonia,2016,16.8
Norway,2006,28.9
Norway,2007,28.1
Norway,2008,27.9
Norway,2009,25.9
Norway,2010,26.8
Norway,2011,27.7
Norway,2012,27.0
Norway,2013,25.1
Norway,2014,23.5
Norway,2015,22.1
Norway,2016,22.0
Oman,2006,1.94
Oman,2007,2.7
Oman,2008,2.42
Oman,2009,3.39
Oman,2010,2.54
Oman,2011,2.27
Oman,2012,2.6
Oman,2013,2.52
Oman,2014,
Oman,2015,
Oman,2016,
Pakistan,2006,10.4
Pakistan,2007,9.23
Pakistan,2008,9.49
Pakistan,2009,8.94
Pakistan,2010,9.98
Pakistan,2011,9.19
Pakistan,2012,
Pakistan,2013,
Pakistan,2014,
Pakistan,2015,
Pakistan,2016,
Palau,2006,
Palau,2007,
Palau,2008,16.7
Palau,2009,16.0
Palau,2010,17.0
Palau,2011,18.3
Palau,2012,18.0
Palau,2013,18.4
Palau,2014,19.2
Palau,2015,19.3
Palau,2016,19.7
Palestine,2006,4.6
Palestine,2007,4.63
Palestine,2008,5.06
Palestine,2009,5.22
Palestine,2010,5.45
Palestine,2011,5.25
Palestine,2012,4.56
Palestine,2013,4.81
Palestine,2014,5.71
Palestine,2015,5.6
Palestine,2016,
Papua New Guinea,2006,
Papua New Guinea,2007,
Papua New Guinea,2008,
Papua New Guinea,2009,
Papua New Guinea,2010,
Papua New Guinea,2011,
Papua New Guinea,2012,
Papua New Guinea,2013,
Papua New Guinea,2014,18.0
Papua New Guinea,2015,16.0
Papua New Guinea,2016,13.5
Paraguay,2006,10.5
Paraguay,2007,10.1
Paraguay,2008,10.8
Paraguay,2009,11.7
Paraguay,2010,12.1
Paraguay,2011,12.6
Paraguay,2012,12.8
Paraguay,2013,12.0
Paraguay,2014,12.7
Paraguay,2015,12.9
Paraguay,2016,12.6
Peru,2006,15.7
Peru,2007,16.4
Peru,2008,16.5
Peru,2009,14.5
Peru,2010,15.5
Peru,2011,16.0
Peru,2012,16.5
Peru,2013,16.4
Peru,2014,16.7
Peru,2015,14.9
Peru,2016,13.8
Philippines,2006,13.7
Philippines,2007,13.5
Philippines,2008,13.6
Philippines,2009,12.2
Philippines,2010,12.1
Philippines,2011,12.4
Philippines,2012,12.9
Philippines,2013,13.3
Philippines,2014,13.6
Philippines,2015,13.6
Philippines,2016,13.7
Poland,2006,17.2
Poland,2007,18.1
Poland,2008,18.2
Poland,2009,15.9
Poland,2010,16.5
Poland,2011,16.7
Poland,2012,16.0
Poland,2013,15.6
Poland,2014,15.5
Poland,2015,15.6
Poland,2016,16.2
Portugal,2006,21.1
Portugal,2007,21.3
Portugal,2008,21.0
Portugal,2009,19.2
Portugal,2010,19.7
Portugal,2011,21.2
Portugal,2012,20.9
Portugal,2013,22.8
Portugal,2014,22.7
Portugal,2015,22.9
Portugal,2016,22.5
Qatar,2006,20.1
Qatar,2007,20.6
Qatar,2008,15.9
Qatar,2009,19.9
Qatar,2010,14.7
Qatar,2011,
Qatar,2012,
Qatar,2013,
Qatar,2014,
Qatar,2015,
Qatar,2016,
Romania,2006,17.7
Romania,2007,17.4
Romania,2008,16.8
Romania,2009,15.4
Romania,2010,16.6
Romania,2011,18.0
Romania,2012,17.9
Romania,2013,17.6
Romania,2014,17.9
Romania,2015,18.9
Romania,2016,16.8
Russia,2006,16.6
Russia,2007,16.6
Russia,2008,15.8
Russia,2009,13.0
Russia,2010,13.0
Russia,2011,13.9
Russia,2012,13.7
Russia,2013,12.9
Russia,2014,13.2
Russia,2015,10.6
Russia,2016,9.13
Rwanda,2006,
Rwanda,2007,
Rwanda,2008,
Rwanda,2009,
Rwanda,2010,
Rwanda,2011,
Rwanda,2012,
Rwanda,2013,
Rwanda,2014,13.3
Rwanda,2015,13.7
Rwanda,2016,14.8
Samoa,2006,
Samoa,2007,
Samoa,2008,
Samoa,2009,
Samoa,2010,21.7
Samoa,2011,19.4
Samoa,2012,19.6
Samoa,2013,22.1
Samoa,2014,23.1
Samoa,2015,22.7
Samoa,2016,24.2
San Marino,2006,15.7
San Marino,2007,15.5
San Marino,2008,15.4
San Marino,2009,14.7
San Marino,2010,13.7
San Marino,2011,14.2
San Marino,2012,16.1
San Marino,2013,15.4
San Marino,2014,
San Marino,2015,16.2
San Marino,2016,15.4
Sao Tome and Principe,2006,16.1
Sao Tome and Principe,2007,16.3
Sao Tome and Principe,2008,14.9
Sao Tome and Principe,2009,15.2
Sao Tome and Principe,2010,17.7
Sao Tome and Principe,2011,17.7
Sao Tome and Principe,2012,14.6
Sao Tome and Principe,2013,
Sao Tome and Principe,2014,
Sao Tome and Principe,2015,
Sao Tome and Principe,2016,
Senegal,2006,
Senegal,2007,
Senegal,2008,
Senegal,2009,18.0
Senegal,2010,18.7
Senegal,2011,19.0
Senegal,2012,19.0
Senegal,2013,
Senegal,2014,19.6
Senegal,2015,20.6
Senegal,2016,20.5
Serbia,2006,
Serbia,2007,22.8
Serbia,2008,22.4
Serbia,2009,21.2
Serbia,2010,21.4
Serbia,2011,20.2
Serbia,2012,19.7
Serbia,2013,
Serbia,2014,
Serbia,2015,
Serbia,2016,
Seychelles,2006,24.7
Seychelles,2007,23.3
Seychelles,2008,22.4
Seychelles,2009,25.2
Seychelles,2010,27.9
Seychelles,2011,31.5
Seychelles,2012,30.4
Seychelles,2013,28.1
Seychelles,2014,30.1
Seychelles,2015,29.6
Seychelles,2016,31.7
Sierra Leone,2006,8.43
Sierra Leone,2007,7.88
Sierra Leone,2008,8.21
Sierra Leone,2009,8.41
Sierra Leone,2010,9.08
Sierra Leone,2011,9.31
Sierra Leone,2012,9.51
Sierra Leone,2013,9.12
Sierra Leone,2014,8.6
Sierra Leone,2015,
Sierra Leone,2016,
Singapore,2006,11.9
Singapore,2007,12.9
Singapore,2008,13.9
Singapore,2009,13.1
Singapore,2010,13.0
Singapore,2011,13.3
Singapore,2012,13.8
Singapore,2013,13.4
Singapore,2014,13.7
Singapore,2015,13.3
Singapore,2016,13.7
Slovak Republic,2006,16.8
Slovak Republic,2007,16.7
Slovak Republic,2008,16.4
Slovak Republic,2009,15.5
Slovak Republic,2010,15.0
Slovak Republic,2011,15.5
Slovak Republic,2012,15.0
Slovak Republic,2013,15.9
Slovak Republic,2014,16.7
Slovak Republic,2015,17.6
Slovak Republic,2016,17.4
Slovenia,2006,20.8
Slovenia,2007,20.0
Slovenia,2008,19.4
Slovenia,2009,18.0
Slovenia,2010,18.1
Slovenia,2011,17.9
Slovenia,2012,18.0
Slovenia,2013,18.0
Slovenia,2014,18.2
Slovenia,2015,18.5
Slovenia,2016,18.6
Solomon Islands,2006,
Solomon Islands,2007,
Solomon Islands,2008,
Solomon Islands,2009,
Solomon Islands,2010,
Solomon Islands,2011,28.7
Solomon Islands,2012,29.2
Solomon Islands,2013,30.3
Solomon Islands,2014,29.2
Solomon Islands,2015,29.2
Solomon Islands,2016,26.7
South Africa,2006,27.3
South Africa,2007,27.6
South Africa,2008,26.8
South Africa,2009,24.4
South Africa,2010,25.0
South Africa,2011,25.2
South Africa,2012,25.6
South Africa,2013,26.0
South Africa,2014,26.5
South Africa,2015,27.3
South Africa,2016,27.1
South Korea,2006,14.3
South Korea,2007,15.5
South Korea,2008,15.1
South Korea,2009,14.3
South Korea,2010,14.0
South Korea,2011,14.4
South Korea,2012,14.7
South Korea,2013,14.3
South Korea,2014,13.9
South Korea,2015,13.9
South Korea,2016,14.8
Spain,2006,16.1
Spain,2007,16.7
Spain,2008,13.3
Spain,2009,11.0
Spain,2010,13.0
Spain,2011,12.4
Spain,2012,12.2
Spain,2013,14.0
Spain,2014,14.3
Spain,2015,14.4
Spain,2016,13.8
Sri Lanka,2006,14.6
Sri Lanka,2007,14.2
Sri Lanka,2008,13.3
Sri Lanka,2009,12.8
Sri Lanka,2010,11.3
Sri Lanka,2011,11.3
Sri Lanka,2012,10.4
Sri Lanka,2013,10.5
Sri Lanka,2014,10.1
Sri Lanka,2015,12.4
Sri Lanka,2016,12.3
St. Kitts and Nevis,2006,21.1
St. Kitts and Nevis,2007,22.1
St. Kitts and Nevis,2008,22.5
St. Kitts and Nevis,2009,22.2
St. Kitts and Nevis,2010,22.1
St. Kitts and Nevis,2011,20.3
St. Kitts and Nevis,2012,21.7
St. Kitts and Nevis,2013,19.8
St. Kitts and Nevis,2014,20.4
St. Kitts and Nevis,2015,
St. Kitts and Nevis,2016,
St. Lucia,2006,19.7
St. Lucia,2007,19.1
St. Lucia,2008,21.0
St. Lucia,2009,21.2
St. Lucia,2010,19.5
St. Lucia,2011,19.7
St. Lucia,2012,19.1
St. Lucia,2013,20.2
St. Lucia,2014,20.4
St. Lucia,2015,
St. Lucia,2016,
St. Vincent and the Grenadines,2006,21.9
St. Vincent and the Grenadines,2007,22.9
St. Vincent and the Grenadines,2008,23.9
St. Vincent and the Grenadines,2009,23.7
St. Vincent and the Grenadines,2010,22.9
St. Vincent and the Grenadines,2011,22.6
St. Vincent and the Grenadines,2012,23.0
St. Vincent and the Grenadines,2013,21.6
St. Vincent and the Grenadines,2014,23.9
St. Vincent and the Grenadines,2015,
St. Vincent and the Grenadines,2016,
Suriname,2006,16.7
Suriname,2007,18.9
Suriname,2008,17.3
Suriname,2009,17.2
Suriname,2010,15.7
Suriname,2011,18.5
Suriname,2012,19.5
Suriname,2013,
Suriname,2014,
Suriname,2015,
Suriname,2016,
Swaziland,2006,31.0
Swaziland,2007,27.3
Swaziland,2008,29.8
Swaziland,2009,25.3
Swaziland,2010,16.0
Swaziland,2011,16.3
Swaziland,2012,28.6
Swaziland,2013,
Swaziland,2014,
Swaziland,2015,
Swaziland,2016,
Sweden,2006,28.5
Sweden,2007,28.4
Sweden,2008,27.0
Sweden,2009,26.9
Sweden,2010,27.1
Sweden,2011,26.5
Sweden,2012,26.1
Sweden,2013,26.2
Sweden,2014,26.3
Sweden,2015,27.0
Sweden,2016,27.7
Switzerland,2006,9.52
Switzerland,2007,9.36
Switzerland,2008,9.91
Switzerland,2009,9.68
Switzerland,2010,9.72
Switzerland,2011,9.65
Switzerland,2012,9.52
Switzerland,2013,9.6
Switzerland,2014,9.4
Switzerland,2015,9.85
Switzerland,2016,9.77
Syria,2006,14.6
Syria,2007,14.2
Syria,2008,
Syria,2009,
Syria,2010,
Syria,2011,
Syria,2012,
Syria,2013,
Syria,2014,
Syria,2015,
Syria,2016,
Tanzania,2006,
Tanzania,2007,
Tanzania,2008,
Tanzania,2009,
Tanzania,2010,
Tanzania,2011,
Tanzania,2012,
Tanzania,2013,
Tanzania,2014,11.9
Tanzania,2015,
Tanzania,2016,
Thailand,2006,15.6
Thailand,2007,15.1
Thailand,2008,15.4
Thailand,2009,14.2
Thailand,2010,14.9
Thailand,2011,16.4
Thailand,2012,15.4
Thailand,2013,16.9
Thailand,2014,15.6
Thailand,2015,16.0
Thailand,2016,15.5
Timor-Leste,2006,
Timor-Leste,2007,
Timor-Leste,2008,
Timor-Leste,2009,
Timor-Leste,2010,24.3
Timor-Leste,2011,24.9
Timor-Leste,2012,25.7
Timor-Leste,2013,23.2
Timor-Leste,2014,22.5
Timor-Leste,2015,18.5
Timor-Leste,2016,9.82
Togo,2006,14.8
Togo,2007,16.2
Togo,2008,14.9
Togo,2009,15.3
Togo,2010,15.7
Togo,2011,16.4
Togo,2012,16.6
Togo,2013,20.0
Togo,2014,
Togo,2015,21.8
Togo,2016,21.9
Trinidad and Tobago,2006,30.3
Trinidad and Tobago,2007,26.0
Trinidad and Tobago,2008,29.5
Trinidad and Tobago,2009,26.8
Trinidad and Tobago,2010,26.2
Trinidad and Tobago,2011,25.6
Trinidad and Tobago,2012,26.4
Trinidad and Tobago,2013,
Trinidad and Tobago,2014,27.1
Trinidad and Tobago,2015,
Trinidad and Tobago,2016,
Tunisia,2006,18.5
Tunisia,2007,19.1
Tunisia,2008,20.5
Tunisia,2009,20.0
Tunisia,2010,20.1
Tunisia,2011,21.2
Tunisia,2012,21.1
Tunisia,2013,
Tunisia,2014,
Tunisia,2015,
Tunisia,2016,
Turkey,2006,
Turkey,2007,
Turkey,2008,17.7
Turkey,2009,18.3
Turkey,2010,19.4
Turkey,2011,18.7
Turkey,2012,18.4
Turkey,2013,18.5
Turkey,2014,18.1
Turkey,2015,18.2
Turkey,2016,18.3
Uganda,2006,
Uganda,2007,
Uganda,2008,
Uganda,2009,
Uganda,2010,
Uganda,2011,
Uganda,2012,
Uganda,2013,
Uganda,2014,
Uganda,2015,12.9
Uganda,2016,13.5
Ukraine,2006,17.7
Ukraine,2007,16.5
Ukraine,2008,17.9
Ukraine,2009,16.4
Ukraine,2010,15.6
Ukraine,2011,18.5
Ukraine,2012,18.3
Ukraine,2013,17.6
Ukraine,2014,17.3
Ukraine,2015,20.5
Ukraine,2016,19.6
United Arab Emirates,2006,
United Arab Emirates,2007,
United Arab Emirates,2008,
United Arab Emirates,2009,
United Arab Emirates,2010,
United Arab Emirates,2011,0.321
United Arab Emirates,2012,0.364
United Arab Emirates,2013,0.37
United Arab Emirates,2014,0.35600000000000004
United Arab Emirates,2015,0.0577
United Arab Emirates,2016,0.0435
United Kingdom,2006,25.7
United Kingdom,2007,25.9
United Kingdom,2008,26.5
United Kingdom,2009,24.2
United Kingdom,2010,25.4
United Kingdom,2011,26.1
United Kingdom,2012,25.2
United Kingdom,2013,25.2
United Kingdom,2014,24.9
United Kingdom,2015,25.2
United Kingdom,2016,25.6
United States,2006,11.3
United States,2007,11.3
United States,2008,10.3
United States,2009,7.94
United States,2010,8.61
United States,2011,9.59
United States,2012,9.82
United States,2013,10.6
United States,2014,11.0
United States,2015,11.2
United States,2016,10.9
Uruguay,2006,19.0
Uruguay,2007,18.4
Uruguay,2008,18.2
Uruguay,2009,18.7
Uruguay,2010,18.9
Uruguay,2011,19.1
Uruguay,2012,18.8
Uruguay,2013,19.0
Uruguay,2014,18.6
Uruguay,2015,18.5
Uruguay,2016,23.7
Uzbekistan,2006,
Uzbekistan,2007,
Uzbekistan,2008,
Uzbekistan,2009,
Uzbekistan,2010,
Uzbekistan,2011,16.2
Uzbekistan,2012,17.2
Uzbekistan,2013,17.5
Uzbekistan,2014,17.3
Uzbekistan,2015,17.5
Uzbekistan,2016,17.3
Vanuatu,2006,
Vanuatu,2007,
Vanuatu,2008,
Vanuatu,2009,16.0
Vanuatu,2010,15.5
Vanuatu,2011,16.0
Vanuatu,2012,16.6
Vanuatu,2013,17.2
Vanuatu,2014,17.4
Vanuatu,2015,16.7
Vanuatu,2016,16.6
Vietnam,2006,22.2
Vietnam,2007,21.5
Vietnam,2008,22.4
Vietnam,2009,20.6
Vietnam,2010,22.3
Vietnam,2011,22.2
Vietnam,2012,19.0
Vietnam,2013,19.1
Vietnam,2014,
Vietnam,2015,
Vietnam,2016,
Zambia,2006,13.7
Zambia,2007,13.9
Zambia,2008,14.2
Zambia,2009,12.5
Zambia,2010,13.2
Zambia,2011,17.1
Zambia,2012,16.2
Zambia,2013,15.7
Zambia,2014,17.0
Zambia,2015,16.8
Zambia,2016,14.9
Zimbabwe,2006,
Zimbabwe,2007,
Zimbabwe,2008,
Zimbabwe,2009,10.3
Zimbabwe,2010,20.7
Zimbabwe,2011,20.9
Zimbabwe,2012,21.4
Zimbabwe,2013,
Zimbabwe,2014,
Zimbabwe,2015,
Zimbabwe,2016,
